-- phpMyAdmin SQL Dump
-- version 5.1.3
-- https://www.phpmyadmin.net/
--
-- 主機： 127.0.0.1:3306
-- 產生時間： 2022-10-04 19:43:21
-- 伺服器版本： 5.7.36
-- PHP 版本： 8.1.0

SET SQL_MODE = "NO_AUTO_VALUE_ON_ZERO";
START TRANSACTION;
SET time_zone = "+00:00";


/*!40101 SET @OLD_CHARACTER_SET_CLIENT=@@CHARACTER_SET_CLIENT */;
/*!40101 SET @OLD_CHARACTER_SET_RESULTS=@@CHARACTER_SET_RESULTS */;
/*!40101 SET @OLD_COLLATION_CONNECTION=@@COLLATION_CONNECTION */;
/*!40101 SET NAMES utf8mb4 */;

--
-- 資料庫: `laravel_test_my_pingtung_platform`
--

-- --------------------------------------------------------

--
-- 資料表結構 `bureaus`
--

DROP TABLE IF EXISTS `bureaus`;
CREATE TABLE IF NOT EXISTS `bureaus` (
  `id` bigint(20) UNSIGNED NOT NULL AUTO_INCREMENT,
  `name` varchar(191) COLLATE utf8mb4_unicode_ci NOT NULL COMMENT '單位',
  `address` varchar(60) COLLATE utf8mb4_unicode_ci NOT NULL COMMENT '地址',
  `zipcode` varchar(5) COLLATE utf8mb4_unicode_ci NOT NULL COMMENT '郵遞區號',
  `TEL` varchar(11) COLLATE utf8mb4_unicode_ci NOT NULL COMMENT '電話',
  `user_id` bigint(20) UNSIGNED DEFAULT NULL COMMENT '帶頭的',
  `created_at` timestamp NULL DEFAULT NULL,
  `updated_at` timestamp NULL DEFAULT NULL,
  PRIMARY KEY (`id`)
) ENGINE=MyISAM AUTO_INCREMENT=35 DEFAULT CHARSET=utf8mb4 COLLATE=utf8mb4_unicode_ci;

--
-- 傾印資料表的資料 `bureaus`
--

INSERT INTO `bureaus` (`id`, `name`, `address`, `zipcode`, `TEL`, `user_id`, `created_at`, `updated_at`) VALUES
(1, '屏東縣衛生局', '屏東縣屏東市自由路272號', '900', '087370002', NULL, '2022-08-29 14:15:38', '2022-08-29 14:15:38'),
(2, '屏東市衛生局', '屏東縣屏東市中正路419號', '900', '087388701', NULL, '2022-08-29 14:15:38', '2022-08-29 14:15:38'),
(3, '潮州鎮衛生所', '屏東縣潮州鎮永坤路107號', '920', '087882131', NULL, '2022-08-29 14:15:38', '2022-08-29 14:15:38'),
(4, '東港鎮衛生所', '屏東縣東港鎮新生三路23號', '928', '088325310', NULL, '2022-08-29 14:15:38', '2022-08-29 14:15:38'),
(5, '恆春鎮衛生所', '屏東縣恆春鎮文化路78號', '946', '088892140', NULL, '2022-08-29 14:15:38', '2022-08-29 14:15:38'),
(6, '萬丹鄉衛生所', '屏東縣萬丹鄉萬丹路一段501號', '913', '087772049', NULL, '2022-08-29 14:15:38', '2022-08-29 14:15:38'),
(7, '九如鄉衛生所', '屏東縣九如鄉九如路二段247號', '904', '087392006', NULL, '2022-08-29 14:15:38', '2022-08-29 14:15:38'),
(8, '里港鄉衛生所', '屏東縣里港鄉中山路103-1號', '905', '087751711', NULL, '2022-08-29 14:15:38', '2022-08-29 14:15:38'),
(9, '萬巒鄉衛生所', '屏東縣萬巒鄉褒忠路16號', '923', '087811794', NULL, '2022-08-29 14:15:38', '2022-08-29 14:15:38'),
(10, '內埔鄉衛生所', '屏東縣內埔鄉中興路191號', '912', '087792414', NULL, '2022-08-29 14:15:38', '2022-08-29 14:15:38'),
(11, '竹田鄉衛生所', '屏東縣竹田鄉中山路25號', '911', '087712434', NULL, '2022-08-29 14:15:38', '2022-08-29 14:15:38'),
(12, '新埤鄉衛生所', '屏東縣新埤鄉中正路38號', '925', '087971090', NULL, '2022-08-29 14:15:38', '2022-08-29 14:15:38'),
(13, '新園鄉衛生所', '屏東縣新園鄉仙吉路89-2號', '932', '088681293', NULL, '2022-08-29 14:15:38', '2022-08-29 14:15:38'),
(14, '枋寮鄉衛生所', '屏東縣枋寮鄉德興路77號', '940', '088782940', NULL, '2022-08-29 14:15:38', '2022-08-29 14:15:38'),
(15, '高樹鄉衛生所', '屏東縣高樹鄉南昌路12-2號', '906', '087962026', NULL, '2022-08-29 14:15:38', '2022-08-29 14:15:38'),
(16, '鹽埔鄉衛生所', '屏東縣鹽埔鄉勝利路187號', '907', '087932474', NULL, '2022-08-29 14:15:38', '2022-08-29 14:15:38'),
(17, '麟洛鄉衛生所', '屏東縣麟洛鄉中山路156-1號', '909', '087221152', NULL, '2022-08-29 14:15:38', '2022-08-29 14:15:38'),
(18, '長治鄉衛生所', '屏東縣長治鄉進興村潭頭路3號', '908', '087368734', NULL, '2022-08-29 14:15:38', '2022-08-29 14:15:38'),
(19, '崁頂鄉衛生所', '屏東縣崁頂鄉興農路29-9號', '924', '088631454', NULL, '2022-08-29 14:15:38', '2022-08-29 14:15:38'),
(20, '林邊鄉衛生所', '屏東縣林邊鄉和平路45號', '927', '088752076', NULL, '2022-08-29 14:15:38', '2022-08-29 14:15:38'),
(21, '南州鄉衛生所', '屏東縣南州鄉人和路239號', '926', '088642224', NULL, '2022-08-29 14:15:38', '2022-08-29 14:15:38'),
(22, '佳冬鄉衛生所', '屏東縣佳冬鄉佳和路87-1號', '931', '088662018', NULL, '2022-08-29 14:15:38', '2022-08-29 14:15:38'),
(23, '琉球鄉衛生所', '屏東縣琉球鄉中山路51號', '929', '088612513', NULL, '2022-08-29 14:15:38', '2022-08-29 14:15:38'),
(24, '枋山鄉鄉生所', '屏東縣枋山鄉枋山路115-91號', '941', '088761150', NULL, '2022-08-29 14:15:38', '2022-08-29 14:15:38'),
(25, '三地門鄉衛生所', '屏東縣三地門鄉行政街4號', '901', '087991284', NULL, '2022-08-29 14:15:38', '2022-08-29 14:15:38'),
(26, '泰武鄉衛生所', '屏東縣泰武鄉佳平村179號', '921', '087832059', NULL, '2022-08-29 14:15:38', '2022-08-29 14:15:38'),
(27, '來義鄉衛生所', '屏東縣來義鄉古樓村中正路90號', '922', '087850103', NULL, '2022-08-29 14:15:38', '2022-08-29 14:15:38'),
(28, '春日鄉衛生所', '屏東縣春日鄉春日路176號942', '942', '088780358', NULL, '2022-08-29 14:15:38', '2022-08-29 14:15:38'),
(29, '獅子鄉衛生所', '屏東縣獅子鄉楓林二巷32號', '943', '088771324', NULL, '2022-08-29 14:15:38', '2022-08-29 14:15:38'),
(30, '牡丹鄉鄉生所', '屏東縣牡丹鄉石門路19號', '945', '088831013', NULL, '2022-08-29 14:15:38', '2022-08-29 14:15:38'),
(31, '瑪家鄉衛生所', '屏東縣瑪家鄉風景巷86號', '903', '087991164', NULL, '2022-08-29 14:15:38', '2022-08-29 14:15:38'),
(32, '霧台鄉衛生所', '屏東縣霧台鄉神山巷68號', '902', '087902232', NULL, '2022-08-29 14:15:38', '2022-08-29 14:15:38'),
(33, '滿州鄉衛生所', '屏東縣滿州鄉中山路31號', '947', '088801279', NULL, '2022-08-29 14:15:38', '2022-08-29 14:15:38'),
(34, '車城鄉衛生所', '屏東縣車城鄉福安路2之-0號', '944', '088821300', NULL, '2022-08-29 14:15:38', '2022-08-29 14:15:38');

-- --------------------------------------------------------

--
-- 資料表結構 `failed_jobs`
--

DROP TABLE IF EXISTS `failed_jobs`;
CREATE TABLE IF NOT EXISTS `failed_jobs` (
  `id` bigint(20) UNSIGNED NOT NULL AUTO_INCREMENT,
  `uuid` varchar(191) COLLATE utf8mb4_unicode_ci NOT NULL,
  `connection` text COLLATE utf8mb4_unicode_ci NOT NULL,
  `queue` text COLLATE utf8mb4_unicode_ci NOT NULL,
  `payload` longtext COLLATE utf8mb4_unicode_ci NOT NULL,
  `exception` longtext COLLATE utf8mb4_unicode_ci NOT NULL,
  `failed_at` timestamp NOT NULL DEFAULT CURRENT_TIMESTAMP,
  PRIMARY KEY (`id`),
  UNIQUE KEY `failed_jobs_uuid_unique` (`uuid`)
) ENGINE=MyISAM DEFAULT CHARSET=utf8mb4 COLLATE=utf8mb4_unicode_ci;

-- --------------------------------------------------------

--
-- 資料表結構 `migrations`
--

DROP TABLE IF EXISTS `migrations`;
CREATE TABLE IF NOT EXISTS `migrations` (
  `id` int(10) UNSIGNED NOT NULL AUTO_INCREMENT,
  `migration` varchar(191) COLLATE utf8mb4_unicode_ci NOT NULL,
  `batch` int(11) NOT NULL,
  PRIMARY KEY (`id`)
) ENGINE=MyISAM AUTO_INCREMENT=80 DEFAULT CHARSET=utf8mb4 COLLATE=utf8mb4_unicode_ci;

--
-- 傾印資料表的資料 `migrations`
--

INSERT INTO `migrations` (`id`, `migration`, `batch`) VALUES
(1, '2014_10_12_000000_create_users_table', 1),
(2, '2014_10_12_100000_create_password_resets_table', 1),
(3, '2019_08_19_000000_create_failed_jobs_table', 1),
(4, '2019_12_14_000001_create_personal_access_tokens_table', 1),
(5, '2022_07_05_135703_add_profile_to_users', 2),
(25, '2022_08_02_212516_edit_bureau_id_to_users', 3),
(29, '2022_08_08_164708_create_questionnaires_table', 4),
(30, '2022_08_08_211833_create_questionnaire_logs_table', 4),
(31, '2022_08_09_001017_rename_questionnaire_logs', 4),
(46, '2022_08_09_162203_create_scale_orders_table', 5),
(47, '2022_08_09_162239_create_scale_details_table', 5),
(48, '2022_08_09_182330_create_scale_answers_table', 5),
(50, '2022_08_16_134148_create_news_table', 6),
(51, '2022_08_16_155900_create_news_types_table', 7),
(58, '2022_08_16_160752_edit_news_table', 8),
(60, '2022_08_26_205204_create_roles_table', 9),
(65, '2022_08_26_213215_create_bureaus_table', 10),
(66, '2022_08_28_194456_create_user_role_table', 10),
(67, '2022_08_29_221156_add_zipcode_to_bureaus', 10),
(74, '2022_09_15_214227_add_social_worker_id_to_users', 11),
(75, '2022_09_27_221804_add_input_type_to_questionnaires', 12),
(76, '2022_09_27_222838_add_input_type_to_scale_details', 12),
(79, '2022_10_03_231524_add_social_worker_id_to_scale_answers', 13);

-- --------------------------------------------------------

--
-- 資料表結構 `news`
--

DROP TABLE IF EXISTS `news`;
CREATE TABLE IF NOT EXISTS `news` (
  `id` bigint(20) UNSIGNED NOT NULL AUTO_INCREMENT,
  `title` varchar(191) COLLATE utf8mb4_unicode_ci NOT NULL COMMENT '消息標題',
  `content` text COLLATE utf8mb4_unicode_ci NOT NULL COMMENT '消息內容',
  `news_types_id` bigint(20) UNSIGNED DEFAULT NULL COMMENT '消息類型ID',
  `user_id` bigint(20) UNSIGNED DEFAULT NULL COMMENT '發文者ID',
  `deleted_at` timestamp NULL DEFAULT NULL,
  `created_at` timestamp NULL DEFAULT NULL,
  `updated_at` timestamp NULL DEFAULT NULL,
  PRIMARY KEY (`id`)
) ENGINE=MyISAM AUTO_INCREMENT=27 DEFAULT CHARSET=utf8mb4 COLLATE=utf8mb4_unicode_ci;

--
-- 傾印資料表的資料 `news`
--

INSERT INTO `news` (`id`, `title`, `content`, `news_types_id`, `user_id`, `deleted_at`, `created_at`, `updated_at`) VALUES
(14, 'aaxxddd', 'test', 2, NULL, NULL, '2022-08-26 12:26:07', '2022-08-26 12:26:07'),
(4, 'aa', 'test233', 1, NULL, NULL, '2022-08-16 10:43:29', '2022-08-16 12:09:14'),
(5, 'aa2ws', 'test233', 2, NULL, NULL, '2022-08-16 10:44:20', '2022-08-26 12:38:19'),
(6, 'aa', 'test2', 1, NULL, NULL, '2022-08-16 10:45:03', '2022-08-16 12:08:35'),
(7, 'aa', 'test233', 1, NULL, NULL, '2022-08-16 10:45:25', '2022-08-16 12:09:02'),
(8, 'aaxx', 'test', 2, NULL, NULL, '2022-08-16 10:46:09', '2022-08-16 10:46:09'),
(9, 'aaxxddd', 'test', 2, NULL, NULL, '2022-08-16 10:46:33', '2022-08-16 10:46:33'),
(10, 'aaxxddd', 'test', 2, NULL, NULL, '2022-08-16 10:46:41', '2022-08-16 10:46:41'),
(11, 'aaxxddd', 'test', 2, NULL, '2022-08-26 12:38:46', '2022-08-16 10:57:32', '2022-08-26 12:38:46'),
(12, 'aaxxddd', 'test', 2, 22, NULL, '2022-08-16 10:57:36', '2022-08-16 10:57:36'),
(15, 'aaxxddd', 'test', 2, NULL, NULL, '2022-08-26 12:27:10', '2022-08-26 12:27:10'),
(13, 'aaxxddd', 'test', 2, NULL, NULL, '2022-08-26 12:24:51', '2022-08-26 12:24:51'),
(16, 'aaxxddd', 'test', 2, NULL, NULL, '2022-08-26 12:27:55', '2022-08-26 12:27:55'),
(17, 'aaxxddd', 'test', 2, NULL, NULL, '2022-08-26 12:28:16', '2022-08-26 12:28:16'),
(18, 'aaxxddd', 'test', 2, NULL, NULL, '2022-08-26 12:28:50', '2022-08-26 12:28:50'),
(19, 'aaxxddd', 'test', 2, NULL, NULL, '2022-08-26 12:30:52', '2022-08-26 12:30:52'),
(20, 'aaxxddd', 'test', 2, NULL, NULL, '2022-08-26 12:30:54', '2022-08-26 12:30:54'),
(21, 'aaxxddd', 'test', 2, NULL, NULL, '2022-08-26 12:31:23', '2022-08-26 12:31:23'),
(22, 'aaxxddd', 'test', 2, NULL, NULL, '2022-08-26 12:37:27', '2022-08-26 12:37:27'),
(23, 'aaxxddd', 'test', 2, 22, NULL, '2022-08-26 12:37:36', '2022-08-26 12:37:36'),
(24, 'aaxxddd', 'test', 2, 22, NULL, '2022-09-01 15:17:35', '2022-09-01 15:17:35'),
(25, 'aaxxddd', 'test', 2, 22, NULL, '2022-09-01 15:18:23', '2022-09-01 15:18:23'),
(26, 'aaxxddd', 'test', 2, 22, NULL, '2022-09-26 17:02:01', '2022-09-26 17:02:01');

-- --------------------------------------------------------

--
-- 資料表結構 `news_types`
--

DROP TABLE IF EXISTS `news_types`;
CREATE TABLE IF NOT EXISTS `news_types` (
  `id` bigint(20) UNSIGNED NOT NULL AUTO_INCREMENT,
  `type` varchar(191) COLLATE utf8mb4_unicode_ci NOT NULL COMMENT '消息類型',
  `created_at` timestamp NULL DEFAULT NULL,
  `updated_at` timestamp NULL DEFAULT NULL,
  PRIMARY KEY (`id`)
) ENGINE=MyISAM AUTO_INCREMENT=3 DEFAULT CHARSET=utf8mb4 COLLATE=utf8mb4_unicode_ci;

--
-- 傾印資料表的資料 `news_types`
--

INSERT INTO `news_types` (`id`, `type`, `created_at`, `updated_at`) VALUES
(1, '最新消息', '2022-08-16 08:04:29', '2022-08-16 08:04:29'),
(2, '活動消息', '2022-08-16 08:04:29', '2022-08-16 08:04:29');

-- --------------------------------------------------------

--
-- 資料表結構 `password_resets`
--

DROP TABLE IF EXISTS `password_resets`;
CREATE TABLE IF NOT EXISTS `password_resets` (
  `email` varchar(191) COLLATE utf8mb4_unicode_ci NOT NULL,
  `token` varchar(191) COLLATE utf8mb4_unicode_ci NOT NULL,
  `created_at` timestamp NULL DEFAULT NULL,
  KEY `password_resets_email_index` (`email`)
) ENGINE=MyISAM DEFAULT CHARSET=utf8mb4 COLLATE=utf8mb4_unicode_ci;

-- --------------------------------------------------------

--
-- 資料表結構 `personal_access_tokens`
--

DROP TABLE IF EXISTS `personal_access_tokens`;
CREATE TABLE IF NOT EXISTS `personal_access_tokens` (
  `id` bigint(20) UNSIGNED NOT NULL AUTO_INCREMENT,
  `tokenable_type` varchar(191) COLLATE utf8mb4_unicode_ci NOT NULL,
  `tokenable_id` bigint(20) UNSIGNED NOT NULL,
  `name` varchar(191) COLLATE utf8mb4_unicode_ci NOT NULL,
  `token` varchar(64) COLLATE utf8mb4_unicode_ci NOT NULL,
  `abilities` text COLLATE utf8mb4_unicode_ci,
  `last_used_at` timestamp NULL DEFAULT NULL,
  `created_at` timestamp NULL DEFAULT NULL,
  `updated_at` timestamp NULL DEFAULT NULL,
  PRIMARY KEY (`id`),
  UNIQUE KEY `personal_access_tokens_token_unique` (`token`),
  KEY `personal_access_tokens_tokenable_type_tokenable_id_index` (`tokenable_type`,`tokenable_id`)
) ENGINE=MyISAM DEFAULT CHARSET=utf8mb4 COLLATE=utf8mb4_unicode_ci;

-- --------------------------------------------------------

--
-- 資料表結構 `questionnaires`
--

DROP TABLE IF EXISTS `questionnaires`;
CREATE TABLE IF NOT EXISTS `questionnaires` (
  `id` bigint(20) UNSIGNED NOT NULL AUTO_INCREMENT,
  `question` text COLLATE utf8mb4_unicode_ci NOT NULL COMMENT '問題',
  `option` json NOT NULL COMMENT '選項',
  `input_type` enum('text_string','date','radiobox','checkbox') COLLATE utf8mb4_unicode_ci NOT NULL,
  `tips` varchar(191) COLLATE utf8mb4_unicode_ci DEFAULT NULL,
  `created_at` timestamp NULL DEFAULT NULL,
  `updated_at` timestamp NULL DEFAULT NULL,
  PRIMARY KEY (`id`)
) ENGINE=MyISAM AUTO_INCREMENT=29 DEFAULT CHARSET=utf8mb4 COLLATE=utf8mb4_unicode_ci;

--
-- 傾印資料表的資料 `questionnaires`
--

INSERT INTO `questionnaires` (`id`, `question`, `option`, `input_type`, `tips`, `created_at`, `updated_at`) VALUES
(1, '請問您的姓名：', '[]', 'text_string', '', '2022-09-28 17:09:26', '2022-09-28 17:09:26'),
(2, '請問您的身分證字號：', '[]', 'text_string', '', '2022-09-28 17:09:26', '2022-09-28 17:09:26'),
(3, '請問您的出生年月日：', '[]', 'date', '', '2022-09-28 17:09:26', '2022-09-28 17:09:26'),
(4, '請問您的性別：', '[\"男\", \"女\"]', 'radiobox', '', '2022-09-28 17:09:26', '2022-09-28 17:09:26'),
(5, '請問您有無手機：', '[\"有,號碼:\", \"無\"]', 'text_string', '', '2022-09-28 17:09:26', '2022-09-28 17:09:26'),
(6, '請問您家裡有無市用電話：', '[\"有,號碼:\", \"無\"]', 'text_string', '', '2022-09-28 17:09:26', '2022-09-28 17:09:26'),
(7, '請問您現在居住於屏東縣哪一鄉鎮？', '[\"屏東市\", \"高樹鄉\", \"鹽埔鄉\", \"竹田鄉\", \"內埔鄉\", \"萬丹鄉\", \"潮州鎮\", \"萬巒鄉\", \"東港鎮\", \"獅子鄉\", \"恆春鎮\", \"其他\"]', 'radiobox', '', '2022-09-28 17:09:26', '2022-09-28 17:09:26'),
(8, '請問您是否具原住民身分？', '[\"無\", \"有\"]', 'radiobox', '', '2022-09-28 17:09:26', '2022-09-28 17:09:26'),
(9, '請問您的族群背景？', '[\"閩南人/漢人\", \"客家人\", \"原住民\", \"其他\"]', 'radiobox', '', '2022-09-28 17:09:26', '2022-09-28 17:09:26'),
(10, '請問您的宗教信仰？', '[\"無\", \"拜拜(一般民間信仰或拜祖先)\", \"佛教\", \"基督教\", \"天主教\", \"一貫道\", \"道教\", \"其他，請說明:\"]', 'radiobox', '', '2022-09-28 17:09:26', '2022-09-28 17:09:26'),
(11, '請問您的最高教育程度？', '[\"不識字\", \"私塾，自學或小學肄業等識字者\", \"小學\", \"國(初)中\", \"高中(職)\", \"專科(五專)\", \"大學(專)學院\", \"研究所(含以上)\"]', 'radiobox', '', '2022-09-28 17:09:26', '2022-09-28 17:09:26'),
(12, '請問您目前的婚姻狀況？', '[\"單身(從未結婚)\", \"已婚同居\", \"離婚或分居\", \"配偶已過世\", \"其他,請說明:\"]', 'radiobox', '', '2022-09-28 17:09:26', '2022-09-28 17:09:26'),
(13, '請問您有與家人同住？', '[\"沒有\", \"有\"]', 'radiobox', '', '2022-09-28 17:09:26', '2022-09-28 17:09:26'),
(14, '請問您現在還有在從事有收入的工作嗎？', '[\"沒有\", \"有\"]', 'radiobox', '', '2022-09-28 17:09:26', '2022-09-28 17:09:26'),
(15, '請問您現在是否有擔任志工？', '[\"沒有\", \"有\"]', 'radiobox', '', '2022-09-28 17:09:26', '2022-09-28 17:09:26'),
(16, '請問您現在有參加相關的社會活動嗎？', '[\"沒有\", \"有\"]', 'radiobox', '※長者參與的社會活動包含：社區照顧關懷據點、文化健康站、社區大學、樂齡學習中心、樂齡大學、部落大學、松年大學、長青學苑、老人會、到教堂禮拜或寺廟拜拜等。', '2022-09-28 17:09:26', '2022-09-28 17:09:26'),
(17, '請問您是否為低收∕中低收入戶？', '[\"不是\", \"是\"]', 'radiobox', '', '2022-09-28 17:09:26', '2022-09-28 17:09:26'),
(18, '請問您目前是否有身心障礙證明？', '[\"不是\", \"是\"]', 'radiobox', '', '2022-09-28 17:09:26', '2022-09-28 17:09:26'),
(19, '請問您的身高:', '[]', 'radiobox', '', '2022-09-28 17:09:26', '2022-09-28 17:09:26'),
(20, '請問您的體重:', '[]', 'radiobox', '', '2022-09-28 17:09:26', '2022-09-28 17:09:26'),
(21, '請問您目前是每天吸菸、有時吸菸還是都沒有吸菸？', '[\"從來沒抽\", \"以前有，現在沒有\", \"有時吸菸\", \"每天吸菸\"]', 'radiobox', '', '2022-09-28 17:09:26', '2022-09-28 17:09:26'),
(22, '請問您是否有喝酒？', '[\"從來不喝\", \"社交飲酒\", \"規律性飲酒\"]', 'radiobox', '※社交飲酒為「偶爾喝、有朋友來、聚會、有事慶祝等」；規律飲酒為「有習慣喝」。', '2022-09-28 17:09:26', '2022-09-28 17:09:26'),
(23, '請問您是否有慢性疾病史？（可複選）', '[\"沒有\", \"高血壓\", \"糖尿病\", \"高血脂症\", \"心臟病\", \"腦中風\", \"腎臟病\", \"精神疾病\", \"慢性阻塞性肺部疾病（COPD）\", \"癌症\", \"其他\"]', 'checkbox', '', '2022-09-28 17:09:26', '2022-09-28 17:09:26'),
(24, '在過去一個月內，請問您有沒有在運動？', '[\"都沒有運動【請直接跳答第三部份】\", \"因身體無法運動【請直接跳答第三部份】\", \"有運動（續答第七題）\"]', 'radiobox', '', '2022-09-28 17:09:26', '2022-09-28 17:09:26'),
(25, '在過去一個月內，您平均一個星期做幾天運動？', '[\"每周一天\", \"每周二天\", \"每周三天\", \"每周四天\", \"每周五天\", \"每周六天\", \"每周七天\"]', 'radiobox', '※持續十分鐘以上才算是運動，工作上的勞動不算（例如下田、搬貨或做家務等）。', '2022-09-28 17:09:26', '2022-09-28 17:09:26'),
(26, '每天花多少分鐘運動？', '[\"不知道\", \"平均\"]', 'radiobox', '', '2022-09-28 17:09:26', '2022-09-28 17:09:26'),
(27, '過去一個月內，請問您最常做的是哪一些運動呢？（可複選）', '[\"散步(健走)\", \"騎單車\", \"慢跑\", \"爬山\", \"游泳\", \"體操、舞蹈類運動及傳統武術\", \"球類運動\", \"健身器材\", \"其他\"]', 'checkbox', '', '2022-09-28 17:09:26', '2022-09-28 17:09:26'),
(28, '在過去一個月內，請問您每次運動時會不會流汗？會不會喘？（以最常運動的項目為準）', '[\"很輕鬆，不會喘不會流汗\", \"會流汗，但不會喘\", \"不會流汗，但會喘\", \"會流汗，也會喘\"]', 'radiobox', '', '2022-09-28 17:09:26', '2022-09-28 17:09:26');

-- --------------------------------------------------------

--
-- 資料表結構 `questionnaire_answers`
--

DROP TABLE IF EXISTS `questionnaire_answers`;
CREATE TABLE IF NOT EXISTS `questionnaire_answers` (
  `id` bigint(20) UNSIGNED NOT NULL AUTO_INCREMENT,
  `user_id` bigint(20) UNSIGNED DEFAULT NULL COMMENT '長者ID',
  `answer` json NOT NULL COMMENT '答案',
  `created_at` timestamp NULL DEFAULT NULL,
  `updated_at` timestamp NULL DEFAULT NULL,
  PRIMARY KEY (`id`)
) ENGINE=MyISAM AUTO_INCREMENT=39 DEFAULT CHARSET=utf8mb4 COLLATE=utf8mb4_unicode_ci;

--
-- 傾印資料表的資料 `questionnaire_answers`
--

INSERT INTO `questionnaire_answers` (`id`, `user_id`, `answer`, `created_at`, `updated_at`) VALUES
(1, 22, '{\"1\": \"2\", \"2\": \"4\", \"3\": \"5\", \"4\": \"apple\", \"5\": [\"1\", \"2\"]}', '2022-08-09 04:55:33', '2022-08-09 08:02:55'),
(2, 33, '{\"1\": \"2\", \"2\": \"452\"}', '2022-08-09 04:56:48', '2022-08-09 06:51:09'),
(29, 41, '{\"1\": \"2\", \"2\": \"4\", \"3\": \"5\", \"4\": \"apple\", \"5\": [\"1\", \"2\", \"5\"], \"10\": \"5\", \"15\": \"app\", \"16\": \"5\"}', '2022-09-01 14:54:17', '2022-09-01 14:54:39'),
(23, 11, '{\"1\": \"2\", \"2\": \"4\", \"3\": \"5\", \"4\": \"apple\", \"5\": [\"1\", \"2\"]}', '2022-08-09 09:39:06', '2022-08-09 10:37:27'),
(22, 10, '{\"1\": \"2\", \"2\": \"4\", \"3\": \"5\", \"4\": \"apple\", \"5\": [\"1\", \"2\"]}', '2022-08-09 09:37:04', '2022-08-09 09:37:11'),
(17, 1, '{\"1\": \"2\", \"2\": \"4566\"}', '2022-08-09 06:51:25', '2022-08-09 06:53:50'),
(28, 14, '{\"1\": \"2\", \"2\": \"4\", \"3\": \"5\", \"4\": \"apple\", \"5\": [\"1\", \"2\", \"5\"], \"10\": \"5\", \"15\": \"app\", \"16\": \"5\"}', '2022-08-16 06:38:39', '2022-09-01 14:53:10'),
(19, 25, '{\"1\": \"2\", \"2\": \"4566\"}', '2022-08-09 07:13:43', '2022-08-09 07:13:45'),
(27, 15, '{\"1\": \"2\", \"2\": \"4\", \"3\": \"5\", \"4\": \"apple\", \"5\": [\"1\", \"2\", \"5\"], \"10\": \"5\", \"15\": \"app\", \"16\": \"5\"}', '2022-08-16 06:21:54', '2022-08-16 06:21:58'),
(26, 12, '{\"1\": \"2\", \"2\": \"4\", \"3\": \"5\", \"4\": \"apple\", \"5\": [\"1\", \"2\", \"5\"], \"10\": \"5\", \"15\": \"app\", \"16\": \"5\"}', '2022-08-09 10:39:05', '2022-08-16 06:21:42'),
(30, 26, '{\"1\": \"7\", \"2\": \"2\", \"3\": \"3\", \"4\": \"1\", \"5\": \"1\", \"6\": \"1\", \"7\": \"1\", \"8\": \"1\", \"9\": \"1\", \"10\": \"1\", \"11\": \"1\", \"12\": \"1\", \"13\": \"1\", \"14\": \"1\", \"15\": \"1\", \"16\": \"2\", \"17\": \"1\", \"18\": \"1\", \"19\": \"1\", \"20\": \"1\", \"21\": \"1\", \"22\": \"1\"}', '2022-09-12 07:48:35', '2022-09-14 07:48:35'),
(31, 29, '{\"1\": \"7\", \"2\": \"2\", \"3\": \"3\", \"4\": \"1\", \"5\": \"1\", \"6\": \"1\", \"7\": \"1\", \"8\": \"1\", \"9\": \"1\", \"10\": \"1\", \"11\": \"1\", \"12\": \"1\", \"13\": \"1\", \"14\": \"1\", \"15\": \"1\", \"16\": \"2\", \"17\": \"1\", \"18\": \"1\", \"19\": \"1\", \"20\": \"1\", \"21\": \"1\", \"22\": \"1\"}', '2022-09-12 07:48:35', '2022-09-14 07:48:35'),
(32, 57, '{\"1\": \"7\", \"2\": \"2\", \"3\": \"3\", \"4\": \"1\", \"5\": \"1\", \"6\": \"1\", \"7\": \"1\", \"8\": \"1\", \"9\": \"1\", \"10\": \"1\", \"11\": \"1\", \"12\": \"1\", \"13\": \"1\", \"14\": \"1\", \"15\": \"1\", \"16\": \"2\", \"17\": \"1\", \"18\": \"1\", \"19\": \"1\", \"20\": \"1\", \"21\": \"1\", \"22\": \"1\"}', '2022-09-12 07:48:35', '2022-09-14 07:48:35'),
(33, 58, '{\"1\": \"7\", \"2\": \"2\", \"3\": \"3\", \"4\": \"1\", \"5\": \"1\", \"6\": \"1\", \"7\": \"1\", \"8\": \"1\", \"9\": \"1\", \"10\": \"1\", \"11\": \"1\", \"12\": \"1\", \"13\": \"1\", \"14\": \"1\", \"15\": \"1\", \"16\": \"2\", \"17\": \"1\", \"18\": \"1\", \"19\": \"1\", \"20\": \"1\", \"21\": \"1\", \"22\": \"1\"}', '2022-09-12 07:48:35', '2022-09-14 07:48:35'),
(34, 59, '{\"1\": \"7\", \"2\": \"2\", \"3\": \"3\", \"4\": \"1\", \"5\": \"1\", \"6\": \"1\", \"7\": \"1\", \"8\": \"1\", \"9\": \"1\", \"10\": \"1\", \"11\": \"1\", \"12\": \"1\", \"13\": \"1\", \"14\": \"1\", \"15\": \"1\", \"16\": \"2\", \"17\": \"1\", \"18\": \"1\", \"19\": \"1\", \"20\": \"1\", \"21\": \"1\", \"22\": \"1\"}', '2022-09-12 07:48:35', '2022-09-14 07:48:35'),
(35, 61, '{\"1\": \"7\", \"2\": \"2\", \"3\": \"3\", \"4\": \"1\", \"5\": \"1\", \"6\": \"1\", \"7\": \"1\", \"8\": \"1\", \"9\": \"1\", \"10\": \"1\", \"11\": \"1\", \"12\": \"1\", \"13\": \"1\", \"14\": \"1\", \"15\": \"1\", \"16\": \"2\", \"17\": \"1\", \"18\": \"1\", \"19\": \"1\", \"20\": \"1\", \"21\": \"1\", \"22\": \"1\"}', '2022-09-12 07:48:35', '2022-09-14 07:48:35'),
(36, 67, '{\"1\": \"2\", \"2\": \"4\", \"3\": \"5\", \"4\": \"apple\", \"5\": [\"1\", \"2\", \"5\"], \"10\": \"5\", \"15\": \"app\", \"16\": \"5\"}', '2022-09-27 17:18:20', '2022-09-27 17:18:55'),
(37, 66, '{\"1\": \"7\", \"2\": \"2\", \"3\": \"3\", \"4\": \"1\", \"5\": \"1\", \"6\": \"1\", \"7\": \"1\", \"8\": \"1\", \"9\": \"1\", \"10\": \"1\", \"11\": \"1\", \"12\": \"1\", \"13\": \"1\", \"14\": \"1\", \"15\": \"1\", \"16\": \"2\", \"17\": \"1\", \"18\": \"1\", \"19\": \"1\", \"20\": \"1\", \"21\": \"1\", \"22\": \"1\"}', '2022-09-27 17:19:18', '2022-10-03 15:46:08'),
(38, 64, '{\"1\": \"7\", \"2\": \"2\", \"3\": \"3\", \"4\": \"1\", \"5\": \"1\", \"6\": \"1\", \"7\": \"1\", \"8\": \"1\", \"9\": \"1\", \"10\": \"1\", \"11\": \"1\", \"12\": \"1\", \"13\": \"1\", \"14\": \"1\", \"15\": \"1\", \"16\": \"2\", \"17\": \"1\", \"18\": \"1\", \"19\": \"1\", \"20\": \"1\", \"21\": \"1\", \"22\": \"1\"}', '2022-09-28 16:58:14', '2022-09-28 16:58:14');

-- --------------------------------------------------------

--
-- 資料表結構 `roles`
--

DROP TABLE IF EXISTS `roles`;
CREATE TABLE IF NOT EXISTS `roles` (
  `id` bigint(20) UNSIGNED NOT NULL AUTO_INCREMENT,
  `name` varchar(191) COLLATE utf8mb4_unicode_ci NOT NULL COMMENT '身份',
  `created_at` timestamp NULL DEFAULT NULL,
  `updated_at` timestamp NULL DEFAULT NULL,
  PRIMARY KEY (`id`)
) ENGINE=MyISAM AUTO_INCREMENT=7 DEFAULT CHARSET=utf8mb4 COLLATE=utf8mb4_unicode_ci;

--
-- 傾印資料表的資料 `roles`
--

INSERT INTO `roles` (`id`, `name`, `created_at`, `updated_at`) VALUES
(1, 'cheif_admin', '2022-08-26 13:29:26', '2022-08-26 13:29:26'),
(2, 'bureau_admin', '2022-08-26 13:29:26', '2022-08-26 13:29:26'),
(3, 'bureau_user', '2022-08-26 13:29:26', '2022-08-26 13:29:26'),
(4, 'director_admin', '2022-08-26 13:29:26', '2022-08-26 13:29:26'),
(5, 'director_user', '2022-08-26 13:29:26', '2022-08-26 13:29:26'),
(6, 'user', '2022-08-26 13:29:26', '2022-08-26 13:29:26');

-- --------------------------------------------------------

--
-- 資料表結構 `scale_answers`
--

DROP TABLE IF EXISTS `scale_answers`;
CREATE TABLE IF NOT EXISTS `scale_answers` (
  `id` bigint(20) UNSIGNED NOT NULL AUTO_INCREMENT,
  `user_id` bigint(20) UNSIGNED DEFAULT NULL COMMENT '長者ID',
  `scale_order_id` bigint(20) UNSIGNED DEFAULT NULL COMMENT '量表主表ID',
  `answer` json NOT NULL COMMENT '答案',
  `social_worker_id` bigint(20) UNSIGNED NOT NULL DEFAULT '0' COMMENT '社工ID',
  `created_at` timestamp NULL DEFAULT NULL,
  `updated_at` timestamp NULL DEFAULT NULL,
  PRIMARY KEY (`id`)
) ENGINE=MyISAM AUTO_INCREMENT=67 DEFAULT CHARSET=utf8mb4 COLLATE=utf8mb4_unicode_ci;

--
-- 傾印資料表的資料 `scale_answers`
--

INSERT INTO `scale_answers` (`id`, `user_id`, `scale_order_id`, `answer`, `social_worker_id`, `created_at`, `updated_at`) VALUES
(23, 22, 2, '{\"1\": \"1\", \"2\": \"2\", \"3\": \"1\", \"4\": \"1\", \"5\": \"1\", \"6\": \"1\", \"7\": \"1\", \"8\": \"1\", \"9\": \"1\", \"10\": \"1\", \"11\": \"1\", \"12\": \"1\", \"13\": \"1\", \"14\": \"1\", \"15\": \"睡眠\", \"16\": \"錢\"}', 66, '2022-08-10 19:24:56', '2022-08-10 19:24:56'),
(24, 22, 3, '{\"1\": \"1\", \"2\": \"2\", \"3\": \"1\", \"4\": \"1\", \"5\": \"1\", \"6\": \"1\", \"7\": \"1\", \"8\": \"1\", \"9\": \"1\", \"10\": \"1\", \"11\": \"1\", \"12\": \"1\", \"13\": \"1\", \"14\": \"1\", \"15\": \"睡眠\", \"16\": \"錢\"}', 66, '2022-08-10 19:27:05', '2022-08-10 19:27:05'),
(16, 5, 3, '{\"1\": \"1\", \"2\": \"2\", \"3\": \"1\", \"4\": \"1\", \"5\": \"1\", \"6\": \"1\", \"7\": \"1\", \"8\": \"1\", \"9\": \"1\", \"10\": \"1\", \"11\": \"1\", \"12\": \"1\", \"13\": \"1\", \"14\": \"1\", \"15\": \"睡眠\", \"16\": \"錢\"}', 66, '2022-08-09 17:02:57', '2022-08-09 17:02:57'),
(15, 5, 3, '{\"1\": \"1\", \"2\": \"2\", \"3\": \"1\", \"4\": \"1\", \"5\": \"1\", \"6\": \"1\", \"7\": \"1\", \"8\": \"1\", \"9\": \"1\", \"10\": \"1\", \"11\": \"1\", \"12\": \"1\", \"13\": \"1\", \"14\": \"1\", \"15\": \"睡眠\", \"16\": \"錢\"}', 66, '2022-08-09 16:57:03', '2022-08-09 16:57:03'),
(8, 22, 1, '{\"1\": \"1\", \"2\": \"2\", \"3\": \"1\", \"4\": \"1\", \"5\": \"1\", \"6\": \"1\", \"7\": \"1\", \"8\": \"1\", \"9\": \"1\", \"10\": \"1\", \"11\": \"1\", \"12\": \"1\", \"13\": \"1\", \"14\": \"1\", \"15\": \"睡眠\", \"16\": \"錢\"}', 66, '2022-08-09 15:21:48', '2022-08-09 15:21:48'),
(9, 22, 2, '{\"1\": \"1\", \"2\": \"2\", \"3\": \"1\", \"4\": \"1\", \"5\": \"1\", \"6\": \"1\", \"7\": \"1\", \"8\": \"1\", \"9\": \"1\", \"10\": \"1\", \"11\": \"1\", \"12\": \"1\", \"13\": \"1\", \"14\": \"1\", \"15\": \"睡眠\", \"16\": \"錢\"}', 66, '2022-08-09 15:23:15', '2022-08-09 15:23:15'),
(10, 22, 2, '{\"1\": \"1\", \"2\": \"2\", \"3\": \"1\", \"4\": \"1\", \"5\": \"1\", \"6\": \"1\", \"7\": \"1\", \"8\": \"1\", \"9\": \"1\", \"10\": \"1\", \"11\": \"1\", \"12\": \"1\", \"13\": \"1\", \"14\": \"1\", \"15\": \"睡眠\", \"16\": \"錢\"}', 66, '2022-08-09 15:23:21', '2022-08-09 15:23:21'),
(11, 22, 3, '{\"1\": \"1\", \"2\": \"2\", \"3\": \"1\", \"4\": \"1\", \"5\": \"1\", \"6\": \"1\", \"7\": \"1\", \"8\": \"1\", \"9\": \"1\", \"10\": \"1\", \"11\": \"1\", \"12\": \"1\", \"13\": \"1\", \"14\": \"1\", \"15\": \"睡眠\", \"16\": \"錢\"}', 66, '2022-08-09 15:29:07', '2022-08-09 15:29:07'),
(12, 33, 3, '{\"1\": \"1\", \"2\": \"2\", \"3\": \"1\", \"4\": \"1\", \"5\": \"1\", \"6\": \"1\", \"7\": \"1\", \"8\": \"1\", \"9\": \"1\", \"10\": \"1\", \"11\": \"1\", \"12\": \"1\", \"13\": \"1\", \"14\": \"1\", \"15\": \"睡眠\", \"16\": \"錢\"}', 66, '2022-08-09 15:29:34', '2022-08-09 15:29:34'),
(13, 33, 3, '{\"1\": \"1\", \"2\": \"2\", \"3\": \"1\", \"4\": \"1\", \"5\": \"1\", \"6\": \"1\", \"7\": \"1\", \"8\": \"1\", \"9\": \"1\", \"10\": \"1\", \"11\": \"1\", \"12\": \"1\", \"13\": \"1\", \"14\": \"1\", \"15\": \"睡眠\", \"16\": \"錢\"}', 66, '2022-08-09 15:29:57', '2022-08-09 15:29:57'),
(14, 22, 3, '{\"1\": \"1\", \"2\": \"2\", \"3\": \"1\", \"4\": \"1\", \"5\": \"1\", \"6\": \"1\", \"7\": \"1\", \"8\": \"1\", \"9\": \"1\", \"10\": \"1\", \"11\": \"1\", \"12\": \"1\", \"13\": \"1\", \"14\": \"1\", \"15\": \"睡眠\", \"16\": \"錢\"}', 66, '2022-08-09 16:07:31', '2022-08-09 16:07:31'),
(19, 5, 3, '{\"1\": \"1\", \"2\": \"2\", \"3\": \"1\", \"4\": \"1\", \"5\": \"1\", \"6\": \"1\", \"7\": \"1\", \"8\": \"1\", \"9\": \"1\", \"10\": \"1\", \"11\": \"1\", \"12\": \"1\", \"13\": \"1\", \"14\": \"1\", \"15\": \"睡眠\", \"16\": \"錢\"}', 66, '2022-08-10 19:07:37', '2022-08-10 19:07:37'),
(22, 5, 3, '{\"1\": \"1\", \"2\": \"2\", \"3\": \"1\", \"4\": \"1\", \"5\": \"1\", \"6\": \"1\", \"7\": \"1\", \"8\": \"1\", \"9\": \"1\", \"10\": \"1\", \"11\": \"1\", \"12\": \"1\", \"13\": \"1\", \"14\": \"1\", \"15\": \"睡眠\", \"16\": \"錢\"}', 66, '2022-08-10 19:12:26', '2022-08-10 19:12:26'),
(21, 5, 1, '{\"1\": \"1\", \"2\": \"2\", \"3\": \"1\", \"4\": \"1\", \"5\": \"1\", \"6\": \"1\", \"7\": \"1\", \"8\": \"1\", \"9\": \"1\", \"10\": \"1\", \"11\": \"1\", \"12\": \"1\", \"13\": \"1\", \"14\": \"1\", \"15\": \"睡眠\", \"16\": \"錢\"}', 66, '2022-08-10 19:10:44', '2022-08-10 19:10:44'),
(25, 22, 3, '{\"1\": \"1\", \"2\": \"2\", \"3\": \"1\", \"4\": \"1\", \"5\": \"1\", \"6\": \"1\", \"7\": \"1\", \"8\": \"1\", \"9\": \"1\", \"10\": \"1\", \"11\": \"1\", \"12\": \"1\", \"13\": \"1\", \"14\": \"1\", \"15\": \"睡眠\", \"16\": \"錢\"}', 66, '2022-08-11 03:47:57', '2022-08-11 03:47:57'),
(26, 22, 2, '{\"1\": \"1\", \"2\": \"2\", \"3\": \"1\", \"4\": \"1\", \"5\": \"1\", \"6\": \"1\", \"7\": \"1\", \"8\": \"1\", \"9\": \"1\", \"10\": \"1\", \"11\": \"1\", \"12\": \"1\", \"13\": \"1\", \"14\": \"1\", \"15\": \"睡眠\", \"16\": \"錢\"}', 66, '2022-08-11 04:02:55', '2022-08-11 04:02:55'),
(27, 22, 2, '{\"1\": \"1\", \"2\": \"2\", \"3\": \"1\", \"4\": \"1\", \"5\": \"1\", \"6\": \"1\", \"7\": \"1\", \"8\": \"1\", \"9\": \"1\", \"10\": \"1\", \"11\": \"1\", \"12\": \"1\", \"13\": \"1\", \"14\": \"1\", \"15\": \"睡眠\", \"16\": \"錢\"}', 66, '2022-08-11 04:03:27', '2022-08-11 04:03:27'),
(28, 22, 2, '{\"1\": \"1\", \"2\": \"2\", \"3\": \"1\", \"4\": \"1\", \"5\": \"1\", \"6\": \"1\", \"7\": \"1\", \"8\": \"1\", \"9\": \"1\", \"10\": \"1\", \"11\": \"1\", \"12\": \"1\", \"13\": \"1\", \"14\": \"1\", \"15\": \"睡眠\", \"16\": \"錢\"}', 66, '2022-08-11 04:03:47', '2022-08-11 04:03:47'),
(29, 22, 2, '{\"1\": \"1\", \"2\": \"2\", \"3\": \"1\", \"4\": \"1\", \"5\": \"1\", \"6\": \"1\", \"7\": \"1\", \"8\": \"1\", \"9\": \"1\", \"10\": \"1\", \"11\": \"1\", \"12\": \"1\", \"13\": \"1\", \"14\": \"1\", \"15\": \"睡眠\", \"16\": \"錢\"}', 66, '2022-08-30 13:57:49', '2022-08-30 13:57:49'),
(30, 22, 1, '{\"1\": \"1\", \"2\": \"2\", \"3\": \"1\", \"4\": \"1\", \"5\": \"1\", \"6\": \"1\", \"7\": \"1\", \"8\": \"1\", \"9\": \"1\", \"10\": \"1\", \"11\": \"1\", \"12\": \"1\", \"13\": \"1\", \"14\": \"1\", \"15\": \"睡眠\", \"16\": \"錢\"}', 66, '2022-08-30 14:36:34', '2022-08-30 14:36:34'),
(31, 22, 1, '{\"1\": \"1\", \"2\": \"2\", \"3\": \"1\", \"4\": \"1\", \"5\": \"1\", \"6\": \"1\", \"7\": \"1\", \"8\": \"1\", \"9\": \"1\", \"10\": \"1\", \"11\": \"1\", \"12\": \"1\", \"13\": \"1\", \"14\": \"1\", \"15\": \"睡眠\", \"16\": \"錢\"}', 66, '2022-08-30 14:36:44', '2022-08-30 14:36:44'),
(32, 22, 1, '{\"1\": \"1\", \"2\": \"2\", \"3\": \"1\", \"4\": \"1\", \"5\": \"1\", \"6\": \"1\", \"7\": \"1\", \"8\": \"1\", \"9\": \"1\", \"10\": \"1\", \"11\": \"1\", \"12\": \"1\", \"13\": \"1\", \"14\": \"1\", \"15\": \"睡眠\", \"16\": \"錢\"}', 66, '2022-08-30 14:37:24', '2022-08-30 14:37:24'),
(33, 41, 1, '{\"1\": \"1\", \"2\": \"2\", \"3\": \"1\", \"4\": \"1\", \"5\": \"1\", \"6\": \"1\", \"7\": \"1\", \"8\": \"1\", \"9\": \"1\", \"10\": \"1\", \"11\": \"1\", \"12\": \"1\", \"13\": \"1\", \"14\": \"1\", \"15\": \"睡眠\", \"16\": \"錢\"}', 66, '2022-08-30 14:37:38', '2022-08-30 14:37:38'),
(50, 26, 3, '{\"1\": \"1\", \"2\": \"2\", \"3\": \"1\", \"4\": \"1\", \"5\": \"1\", \"6\": \"1\", \"7\": \"1\", \"8\": \"1\", \"9\": \"1\", \"10\": \"1\", \"11\": \"1\", \"12\": \"1\", \"13\": \"1\", \"14\": \"1\", \"15\": \"睡眠\", \"16\": \"錢\"}', 66, NULL, NULL),
(49, 49, 2, '{\"1\": \"1\", \"2\": \"2\", \"3\": \"1\", \"4\": \"1\", \"5\": \"1\", \"6\": \"1\", \"7\": \"1\", \"8\": \"1\", \"9\": \"1\", \"10\": \"1\", \"11\": \"1\", \"12\": \"1\", \"13\": \"1\", \"14\": \"1\", \"15\": \"1\"}', 66, '2022-09-05 07:37:23', '2022-09-13 07:37:23'),
(48, 41, 2, '{\"1\": \"1\", \"2\": \"2\", \"3\": \"1\", \"4\": \"1\", \"5\": \"1\", \"6\": \"1\", \"7\": \"1\", \"8\": \"1\", \"9\": \"1\", \"10\": \"1\", \"11\": \"1\", \"12\": \"1\", \"13\": \"1\", \"14\": \"1\", \"15\": \"1\"}', 66, '2022-09-05 07:37:23', '2022-09-13 07:37:23'),
(47, 40, 2, '{\"1\": \"1\", \"2\": \"2\", \"3\": \"1\", \"4\": \"1\", \"5\": \"1\", \"6\": \"1\", \"7\": \"1\", \"8\": \"1\", \"9\": \"1\", \"10\": \"1\", \"11\": \"1\", \"12\": \"1\", \"13\": \"1\", \"14\": \"1\", \"15\": \"1\"}', 66, '2022-09-05 07:37:23', '2022-09-13 07:37:23'),
(46, 39, 2, '{\"1\": \"1\", \"2\": \"2\", \"3\": \"1\", \"4\": \"1\", \"5\": \"1\", \"6\": \"1\", \"7\": \"1\", \"8\": \"1\", \"9\": \"1\", \"10\": \"1\", \"11\": \"1\", \"12\": \"1\", \"13\": \"1\", \"14\": \"1\", \"15\": \"1\"}', 66, '2022-09-05 07:37:23', '2022-09-13 07:37:23'),
(45, 37, 2, '{\"1\": \"1\", \"2\": \"2\", \"3\": \"1\", \"4\": \"1\", \"5\": \"1\", \"6\": \"1\", \"7\": \"1\", \"8\": \"1\", \"9\": \"1\", \"10\": \"1\", \"11\": \"1\", \"12\": \"1\", \"13\": \"1\", \"14\": \"1\", \"15\": \"1\"}', 66, '2022-09-05 07:37:23', '2022-09-13 07:37:23'),
(44, 36, 2, '{\"1\": \"1\", \"2\": \"2\", \"3\": \"1\", \"4\": \"1\", \"5\": \"1\", \"6\": \"1\", \"7\": \"1\", \"8\": \"1\", \"9\": \"1\", \"10\": \"1\", \"11\": \"1\", \"12\": \"1\", \"13\": \"1\", \"14\": \"1\", \"15\": \"1\"}', 66, '2022-09-05 07:37:23', '2022-09-13 07:37:23'),
(43, 26, 2, '{\"1\": \"1\", \"2\": \"2\", \"3\": \"1\", \"4\": \"1\", \"5\": \"1\", \"6\": \"1\", \"7\": \"1\", \"8\": \"1\", \"9\": \"1\", \"10\": \"1\", \"11\": \"1\", \"12\": \"1\", \"13\": \"1\", \"14\": \"1\", \"15\": \"1\"}', 66, '2022-09-05 07:37:23', '2022-09-13 07:37:23'),
(42, 26, 2, '{\"1\": \"1\", \"2\": \"2\", \"3\": \"1\", \"4\": \"1\", \"5\": \"1\", \"6\": \"1\", \"7\": \"1\", \"8\": \"1\", \"9\": \"1\", \"10\": \"1\", \"11\": \"1\", \"12\": \"1\", \"13\": \"1\", \"14\": \"1\", \"15\": \"1\"}', 66, '2022-09-05 07:37:23', '2022-09-13 07:37:23'),
(41, 35, 1, '{\"1\": \"1\", \"2\": \"2\", \"3\": \"3\", \"4\": \"1\", \"5\": \"1\", \"6\": \"1\", \"7\": \"1\", \"8\": \"1\"}', 66, '2022-09-01 05:36:36', '2022-09-09 05:36:36'),
(40, 31, 1, '{\"1\": \"1\", \"2\": \"2\", \"3\": \"3\", \"4\": \"1\", \"5\": \"1\", \"6\": \"1\", \"7\": \"1\", \"8\": \"1\"}', 66, '2022-09-01 05:36:36', '2022-09-09 05:36:36'),
(39, 30, 1, '{\"1\": \"1\", \"2\": \"2\", \"3\": \"3\", \"4\": \"1\", \"5\": \"1\", \"6\": \"1\", \"7\": \"1\", \"8\": \"1\"}', 66, '2022-09-01 05:36:36', '2022-09-09 05:36:36'),
(38, 29, 1, '{\"1\": \"1\", \"2\": \"2\", \"3\": \"3\", \"4\": \"1\", \"5\": \"1\", \"6\": \"1\", \"7\": \"1\", \"8\": \"1\"}', 66, '2022-09-01 05:36:36', '2022-09-09 05:36:36'),
(37, 28, 1, '{\"1\": \"1\", \"2\": \"2\", \"3\": \"3\", \"4\": \"1\", \"5\": \"1\", \"6\": \"1\", \"7\": \"1\", \"8\": \"1\"}', 66, '2022-09-01 05:36:36', '2022-09-09 05:36:36'),
(36, 27, 1, '{\"1\": \"1\", \"2\": \"2\", \"3\": \"3\", \"4\": \"1\", \"5\": \"1\", \"6\": \"1\", \"7\": \"1\", \"8\": \"1\"}', 66, '2022-09-01 05:36:36', '2022-09-09 05:36:36'),
(35, 26, 1, '{\"1\": \"1\", \"2\": \"2\", \"3\": \"3\", \"4\": \"1\", \"5\": \"1\", \"6\": \"1\", \"7\": \"1\", \"8\": \"1\"}', 66, '2022-09-01 05:36:36', '2022-09-09 05:36:36'),
(34, 26, 1, '{\"1\": \"1\", \"2\": \"2\", \"3\": \"3\", \"4\": \"1\", \"5\": \"1\", \"6\": \"1\", \"7\": \"1\", \"8\": \"1\"}', 66, '2022-09-01 05:36:36', '2022-09-09 05:36:36'),
(51, 26, 3, '{\"1\": \"1\", \"2\": \"2\", \"3\": \"1\", \"4\": \"1\", \"5\": \"1\", \"6\": \"1\", \"7\": \"1\", \"8\": \"1\", \"9\": \"1\", \"10\": \"1\", \"11\": \"1\", \"12\": \"1\", \"13\": \"1\", \"14\": \"1\", \"15\": \"睡眠\", \"16\": \"錢\"}', 66, NULL, NULL),
(52, 50, 3, '{\"1\": \"1\", \"2\": \"2\", \"3\": \"1\", \"4\": \"1\", \"5\": \"1\", \"6\": \"1\", \"7\": \"1\", \"8\": \"1\", \"9\": \"1\", \"10\": \"1\", \"11\": \"1\", \"12\": \"1\", \"13\": \"1\", \"14\": \"1\", \"15\": \"睡眠\", \"16\": \"錢\"}', 66, NULL, NULL),
(53, 51, 3, '{\"1\": \"1\", \"2\": \"2\", \"3\": \"1\", \"4\": \"1\", \"5\": \"1\", \"6\": \"1\", \"7\": \"1\", \"8\": \"1\", \"9\": \"1\", \"10\": \"1\", \"11\": \"1\", \"12\": \"1\", \"13\": \"1\", \"14\": \"1\", \"15\": \"睡眠\", \"16\": \"錢\"}', 66, NULL, NULL),
(54, 54, 3, '{\"1\": \"1\", \"2\": \"2\", \"3\": \"1\", \"4\": \"1\", \"5\": \"1\", \"6\": \"1\", \"7\": \"1\", \"8\": \"1\", \"9\": \"1\", \"10\": \"1\", \"11\": \"1\", \"12\": \"1\", \"13\": \"1\", \"14\": \"1\", \"15\": \"睡眠\", \"16\": \"錢\"}', 66, NULL, NULL),
(55, 55, 3, '{\"1\": \"1\", \"2\": \"2\", \"3\": \"1\", \"4\": \"1\", \"5\": \"1\", \"6\": \"1\", \"7\": \"1\", \"8\": \"1\", \"9\": \"1\", \"10\": \"1\", \"11\": \"1\", \"12\": \"1\", \"13\": \"1\", \"14\": \"1\", \"15\": \"睡眠\", \"16\": \"錢\"}', 66, NULL, NULL),
(56, 56, 3, '{\"1\": \"1\", \"2\": \"2\", \"3\": \"1\", \"4\": \"1\", \"5\": \"1\", \"6\": \"1\", \"7\": \"1\", \"8\": \"1\", \"9\": \"1\", \"10\": \"1\", \"11\": \"1\", \"12\": \"1\", \"13\": \"1\", \"14\": \"1\", \"15\": \"睡眠\", \"16\": \"錢\"}', 66, NULL, NULL),
(57, 22, 1, '{\"1\": \"1\", \"2\": \"2\", \"3\": \"1\", \"4\": \"1\", \"5\": \"1\", \"6\": \"1\", \"7\": \"1\", \"8\": \"1\", \"9\": \"1\", \"10\": \"1\", \"11\": \"1\", \"12\": \"1\", \"13\": \"1\", \"14\": \"1\", \"15\": \"睡眠\", \"16\": \"錢\"}', 66, '2022-09-27 10:03:10', '2022-09-27 10:03:10'),
(58, 22, 1, '{\"1\": \"1\", \"2\": \"2\", \"3\": \"1\", \"4\": \"1\", \"5\": \"1\", \"6\": \"1\", \"7\": \"1\", \"8\": \"1\", \"9\": \"1\", \"10\": \"1\", \"11\": \"1\", \"12\": \"1\", \"13\": \"1\", \"14\": \"1\", \"15\": \"睡眠\", \"16\": \"錢\"}', 66, '2022-09-27 10:04:23', '2022-09-27 10:04:23'),
(59, 66, 1, '{\"1\": \"1\", \"2\": \"2\", \"3\": \"1\", \"4\": \"1\", \"5\": \"1\", \"6\": \"1\", \"7\": \"1\", \"8\": \"1\", \"9\": \"1\", \"10\": \"1\", \"11\": \"1\", \"12\": \"1\", \"13\": \"1\", \"14\": \"1\", \"15\": \"睡眠\", \"16\": \"錢\"}', 66, '2022-09-27 17:31:42', '2022-09-27 17:31:42'),
(60, 66, 1, '{\"1\": \"1\", \"2\": \"2\", \"3\": \"1\", \"4\": \"1\", \"5\": \"1\", \"6\": \"1\", \"7\": \"1\", \"8\": \"1\", \"9\": \"1\", \"10\": \"1\", \"11\": \"1\", \"12\": \"1\", \"13\": \"1\", \"14\": \"1\", \"15\": \"睡眠\", \"16\": \"錢\"}', 66, '2022-09-27 17:31:44', '2022-09-27 17:31:44'),
(61, 67, 2, '{\"1\": \"1\", \"2\": \"2\", \"3\": \"1\", \"4\": \"1\", \"5\": \"1\", \"6\": \"1\", \"7\": \"1\", \"8\": \"1\", \"9\": \"1\", \"10\": \"1\", \"11\": \"1\", \"12\": \"1\", \"13\": \"1\", \"14\": \"1\", \"15\": \"睡眠\", \"16\": \"錢\"}', 66, '2022-09-27 18:05:51', '2022-09-27 18:05:51'),
(62, 30, 2, '{\"1\": \"1\", \"2\": \"2\", \"3\": \"1\", \"4\": \"1\", \"5\": \"1\", \"6\": \"1\", \"7\": \"1\", \"8\": \"1\", \"9\": \"1\", \"10\": \"1\", \"11\": \"1\", \"12\": \"1\", \"13\": \"1\", \"14\": \"1\", \"15\": \"睡眠\", \"16\": \"錢\"}', 66, '2022-10-03 15:27:26', '2022-10-03 15:27:26'),
(63, 30, 2, '{\"1\": \"1\", \"2\": \"2\", \"3\": \"1\", \"4\": \"1\", \"5\": \"1\", \"6\": \"1\", \"7\": \"1\", \"8\": \"1\", \"9\": \"1\", \"10\": \"1\", \"11\": \"1\", \"12\": \"1\", \"13\": \"1\", \"14\": \"1\", \"15\": \"睡眠\", \"16\": \"錢\"}', 66, '2022-10-03 15:27:56', '2022-10-03 15:27:56'),
(64, 67, 2, '{\"1\": \"1\", \"2\": \"2\", \"3\": \"1\", \"4\": \"1\", \"5\": \"1\", \"6\": \"1\", \"7\": \"1\", \"8\": \"1\", \"9\": \"1\", \"10\": \"1\", \"11\": \"1\", \"12\": \"1\", \"13\": \"1\", \"14\": \"1\", \"15\": \"睡眠\", \"16\": \"錢\"}', 66, '2022-10-03 15:37:06', '2022-10-03 15:37:06'),
(65, 66, 2, '{\"1\": \"1\", \"2\": \"2\", \"3\": \"1\", \"4\": \"1\", \"5\": \"1\", \"6\": \"1\", \"7\": \"1\", \"8\": \"1\", \"9\": \"1\", \"10\": \"1\", \"11\": \"1\", \"12\": \"1\", \"13\": \"1\", \"14\": \"1\", \"15\": \"睡眠\", \"16\": \"錢\"}', 66, '2022-10-03 15:37:11', '2022-10-03 15:37:11'),
(66, 67, 2, '{\"1\": \"1\", \"2\": \"2\", \"3\": \"1\", \"4\": \"1\", \"5\": \"1\", \"6\": \"1\", \"7\": \"1\", \"8\": \"1\", \"9\": \"1\", \"10\": \"1\", \"11\": \"1\", \"12\": \"1\", \"13\": \"1\", \"14\": \"1\", \"15\": \"睡眠\", \"16\": \"錢\"}', 66, '2022-10-03 15:43:40', '2022-10-03 15:43:40');

-- --------------------------------------------------------

--
-- 資料表結構 `scale_details`
--

DROP TABLE IF EXISTS `scale_details`;
CREATE TABLE IF NOT EXISTS `scale_details` (
  `id` bigint(20) UNSIGNED NOT NULL AUTO_INCREMENT,
  `scale_order_id` bigint(20) UNSIGNED NOT NULL COMMENT '量表主表ID',
  `question` text COLLATE utf8mb4_unicode_ci NOT NULL COMMENT '量表問題',
  `option` json NOT NULL COMMENT '選項',
  `input_type` enum('text_string','date','radiobox','checkbox') COLLATE utf8mb4_unicode_ci NOT NULL,
  `tips` varchar(191) COLLATE utf8mb4_unicode_ci DEFAULT NULL,
  `created_at` timestamp NULL DEFAULT NULL,
  `updated_at` timestamp NULL DEFAULT NULL,
  PRIMARY KEY (`id`)
) ENGINE=MyISAM AUTO_INCREMENT=41 DEFAULT CHARSET=utf8mb4 COLLATE=utf8mb4_unicode_ci;

--
-- 傾印資料表的資料 `scale_details`
--

INSERT INTO `scale_details` (`id`, `scale_order_id`, `question`, `option`, `input_type`, `tips`, `created_at`, `updated_at`) VALUES
(1, 1, '1.如果您在07:59起床時發現您08:00時與人有重要約會，您該怎麼辦? ※請依據長者的回應，觀察有無出現判斷力上的困難。', '[\"有改變\", \"不是,沒有改變\", \"不知道\"]', 'radiobox', '', '2022-09-28 17:07:58', '2022-09-28 17:07:58'),
(2, 1, '2.您以前常做的事（例如：逛街、下棋、打牌、看電視連續劇或是政論節目等活動），現在是否越來越少做了？', '[\"有改變\", \"不是,沒有改變\", \"不知道\"]', 'radiobox', ' ※請依據長者的回應，觀察有無出現對活動和嗜好的興趣降低。', '2022-09-28 17:07:58', '2022-09-28 17:07:58'),
(3, 1, '3.有沒有人說您最近會重覆說同樣的事情？', '[\"有改變\", \"不是,沒有改變\", \"不知道\"]', 'radiobox', '※請依據長者的回應，觀察有無出現重複相同的問題、故事和陳述。', '2022-09-28 17:07:58', '2022-09-28 17:07:58'),
(4, 1, '4.請在二題選項中選一題，詢問長者： (1)您現在看電視時可以使用遙控器轉台嗎？ (2)您現在會用洗衣機洗衣服或是微波爐熱食物嗎？', '[\"有改變\", \"不是,沒有改變\", \"不知道\"]', 'radiobox', '※若表示均不用上述工具，請進一步詢問是否是因不會使用而不使用？ ※請依據長者的回應，觀察有無出現對於學習工具、設備有困難。', '2022-09-28 17:07:58', '2022-09-28 17:07:58'),
(5, 1, '5.今天是民國幾年幾月（幾日）？', '[\"有改變\", \"不是,沒有改變\", \"不知道\"]', 'radiobox', '※至少要正確回應幾年幾月，若長者答不出確切幾日，圈選「0」。※請依據長者的回應，觀察有無出現會忘記正確的年份和月份。', '2022-09-28 17:07:58', '2022-09-28 17:07:58'),
(6, 1, '6.請在二題選項中選一題，詢問長者： (1)如果您帶1000元到市場買東西，一共花了265元，還剩下多少錢? 以及「100+7等於多少」或「20-3等於多少? (2)您現在可不可以自己去銀行提款、繳費、上街買東西？', '[\"有改變\", \"不是,沒有改變\", \"不知道\"]', 'radiobox', '※請依據長者的回應，觀察有無出現在處理複雜的財務上有困難。 ※請先詢問長者有無上街買東西，再詢問(100-7)、(20-3)兩題算數題，以算數答案的正確性，為判別有無改變的依據。', '2022-09-28 17:07:58', '2022-09-28 17:07:58'),
(7, 1, '7.偶爾會忘了和別人約定的時間或該去的地方（例如：與老朋友有約，或是忘記去教堂）？', '[\"有改變\", \"不是,沒有改變\", \"不知道\"]', 'radiobox', '※請依據長者的回應，觀察有無出現記住約會的時間有困難。', '2022-09-28 17:07:58', '2022-09-28 17:07:58'),
(8, 1, '8.您會不會常找不到貴重東西（如錢或重要證件）或覺得東西不見？', '[\"有改變\", \"不是,沒有改變\", \"不知道\"]', 'radiobox', '※請依據長者的回應，觀察有無出現有持續的思考和記憶方面的問題。', '2022-09-28 17:07:58', '2022-09-28 17:07:58'),
(9, 2, '1.基本上，您對您的生活滿意嗎？', '[\"是\", \"否\"]', 'radiobox', '', '2022-09-28 17:07:58', '2022-09-28 17:07:58'),
(10, 2, '2.您是否減少很多的活動和興趣的事？ ', '[\"是\", \"否\"]', 'radiobox', '', '2022-09-28 17:07:58', '2022-09-28 17:07:58'),
(11, 2, '3.您是否覺得您的生活很空虛？ ', '[\"是\", \"否\"]', 'radiobox', '', '2022-09-28 17:07:58', '2022-09-28 17:07:58'),
(12, 2, '4.您是否常常感到厭煩？', '[\"是\", \"否\"]', 'radiobox', '', '2022-09-28 17:07:58', '2022-09-28 17:07:58'),
(13, 2, '5.您是否大部份時間精 ？ ', '[\"是\", \"否\"]', 'radiobox', '', '2022-09-28 17:07:58', '2022-09-28 17:07:58'),
(14, 2, '6.您是否害怕將有不幸的事情發生在您身上嗎？', '[\"是\", \"否\"]', 'radiobox', '', '2022-09-28 17:07:58', '2022-09-28 17:07:58'),
(15, 2, '7.您是否大部份的時間都感到快樂？', '[\"是\", \"否\"]', 'radiobox', '', '2022-09-28 17:07:58', '2022-09-28 17:07:58'),
(16, 2, '8.您是否常常感到無論做什麼事，都沒有用？', '[\"是\", \"否\"]', 'radiobox', '', '2022-09-28 17:07:58', '2022-09-28 17:07:58'),
(17, 2, '9.您是否比較喜歡待在家裡而較不喜歡外出及不喜歡做新的事？', '[\"是\", \"否\"]', 'radiobox', '', '2022-09-28 17:07:58', '2022-09-28 17:07:58'),
(18, 2, '10.您是否覺得現在有記憶力不好的困擾？', '[\"是\", \"否\"]', 'radiobox', '', '2022-09-28 17:07:58', '2022-09-28 17:07:58'),
(19, 2, '11.您是否覺得現在還能活著是很好的事？', '[\"是\", \"否\"]', 'radiobox', '', '2022-09-28 17:07:58', '2022-09-28 17:07:58'),
(20, 2, '12.您是否感覺您現在活得很沒有價值？', '[\"是\", \"否\"]', 'radiobox', '', '2022-09-28 17:07:58', '2022-09-28 17:07:58'),
(21, 2, '13.您是否覺得精力很充沛？', '[\"是\", \"否\"]', 'radiobox', '', '2022-09-28 17:07:58', '2022-09-28 17:07:58'),
(22, 2, '14.您是否覺得您現在的情況是沒有希望的？', '[\"是\", \"否\"]', 'radiobox', '', '2022-09-28 17:07:58', '2022-09-28 17:07:58'),
(23, 2, '15.您是否覺得大部份的人都比您幸福？', '[\"是\", \"否\"]', 'radiobox', '', '2022-09-28 17:07:58', '2022-09-28 17:07:58'),
(24, 3, '', '[\"是\", \"否\"]', 'radiobox', '', '2022-09-28 17:07:58', '2022-09-28 17:07:58'),
(25, 3, '1-1.記憶力:說出三項物品(鉛筆、汽車、書)，請長者重複，並記住。第3題後再詢問一次。', '[\"是\", \"否\"]', 'radiobox', '', '2022-09-28 17:07:58', '2022-09-28 17:07:58'),
(26, 3, '1-2.定向力：詢問長者「今天的日期？」（含年月日），長者回答是否正確？', '[\"是\", \"否\"]', 'radiobox', '', '2022-09-28 17:07:58', '2022-09-28 17:07:58'),
(27, 3, '1-3.定向力：詢問長者「您現在在哪裡？」，長者回答是否正確？', '[\"是\", \"否\"]', 'radiobox', '※完成第二題及第三題後，請再次詢問長者，第1題記憶力的3項物品。', '2022-09-28 17:07:58', '2022-09-28 17:07:58'),
(28, 3, '2-1.椅子起身測試:12秒內，可以雙手抱胸，連續起立坐下 5 次。', '[\"是\", \"否\"]', 'radiobox', '※請訪員先示範動作給長者看，並把計時用具準備好。', '2022-09-28 17:07:58', '2022-09-28 17:07:58'),
(29, 3, '3-1.過去三個月，您的體重是否在無意中減輕了 3 公斤以上？', '[\"是\", \"否\"]', 'radiobox', '※若長者表示不清楚，可以進一步請他回想衣服、褲頭是否有變得較為寬鬆？', '2022-09-28 17:07:58', '2022-09-28 17:07:58'),
(30, 3, '3-2.過去三個月，您是否曾經食慾不振？', '[\"是\", \"否\"]', 'radiobox', '', '2022-09-28 17:07:58', '2022-09-28 17:07:58'),
(31, 3, '4-1.您的眼睛看遠、看近或閱讀是否有困難？', '[\"是\", \"否\"]', 'radiobox', '', '2022-09-28 17:07:58', '2022-09-28 17:07:58'),
(32, 3, '4-2.你過去一年是否有「曾」接受眼睛檢查？', '[\"是\", \"否\"]', 'radiobox', '', '2022-09-28 17:07:58', '2022-09-28 17:07:58'),
(33, 3, '5-1.請跟著我唸 6、1、9。 ', '[\"是\", \"否\"]', 'radiobox', '※請訪員用氣音測試，若長者未能正確複誦，再測一次2、5、7，仍未能正確複誦，即圈選「否」。 ※請訪員站在長者面前一個手臂距離，先測試右耳、再測試左耳。（任一耳聽不清楚，即可結束測試，圈選「否」。）', '2022-09-28 17:07:58', '2022-09-28 17:07:58'),
(34, 3, '6-1.過去兩週，您是否常感到厭煩（心煩或台語「阿雜」）或沒有希望？', '[\"是\", \"否\"]', 'radiobox', '※詢問長者是否常感到憂鬱／心情低落的情緒。', '2022-09-28 17:07:58', '2022-09-28 17:07:58'),
(35, 3, '6-2.過去兩週，您是否減少很多的活動和興趣的事？', '[\"是\", \"否\"]', 'radiobox', '', '2022-09-28 17:07:58', '2022-09-28 17:07:58'),
(36, 3, '7-1.您每天使用的藥物是否10種(含)以上(包含中藥)?(保健食品不包含在內)', '[\"是\", \"否\"]', 'radiobox', '※詢問長者一天吃幾次藥，每次藥量為幾顆?若加總超過10顆藥，圈選「是」。', '2022-09-28 17:07:58', '2022-09-28 17:07:58'),
(37, 3, '7-2.您服用的藥品是否包含止痛藥、幫助睡眠用藥等？', '[\"是\", \"否\"]', 'radiobox', '', '2022-09-28 17:07:58', '2022-09-28 17:07:58'),
(38, 3, '7-3.您是否因為服用藥品而發生平衡感改變、睏倦、眩暈、低血壓或口乾舌燥等症狀？', '[\"是\", \"否\"]', 'radiobox', '', '2022-09-28 17:07:58', '2022-09-28 17:07:58'),
(39, 3, '8-1.現在最困擾您的健康問題是什麼？（簡述長者最困擾的一項健康問題） 請說明：', '[]', 'text_string', '', '2022-09-28 17:07:58', '2022-09-28 17:07:58'),
(40, 3, '8-2.您最擔心這個健康問題影響到生活上的什麼事？（簡述長者最擔心的一項事情） 請說明：', '[]', 'text_string', '', '2022-09-28 17:07:58', '2022-09-28 17:07:58');

-- --------------------------------------------------------

--
-- 資料表結構 `scale_orders`
--

DROP TABLE IF EXISTS `scale_orders`;
CREATE TABLE IF NOT EXISTS `scale_orders` (
  `id` bigint(20) UNSIGNED NOT NULL AUTO_INCREMENT,
  `name` varchar(191) COLLATE utf8mb4_unicode_ci NOT NULL,
  `created_at` timestamp NULL DEFAULT NULL,
  `updated_at` timestamp NULL DEFAULT NULL,
  PRIMARY KEY (`id`)
) ENGINE=MyISAM AUTO_INCREMENT=4 DEFAULT CHARSET=utf8mb4 COLLATE=utf8mb4_unicode_ci;

--
-- 傾印資料表的資料 `scale_orders`
--

INSERT INTO `scale_orders` (`id`, `name`, `created_at`, `updated_at`) VALUES
(1, '極早期失智症量表 (AD8)', '2022-08-09 15:12:43', '2022-08-09 15:12:43'),
(2, '老人憂鬱量表 (GDS-15) Geriatric Depression Scale', '2022-08-09 15:12:43', '2022-08-09 15:12:43'),
(3, '長者功能評估量表 (ICOPE) Integrated Care for Older People', '2022-08-09 15:12:43', '2022-08-09 15:12:43');

-- --------------------------------------------------------

--
-- 資料表結構 `users`
--

DROP TABLE IF EXISTS `users`;
CREATE TABLE IF NOT EXISTS `users` (
  `id` bigint(20) UNSIGNED NOT NULL AUTO_INCREMENT,
  `name` varchar(191) COLLATE utf8mb4_unicode_ci NOT NULL,
  `email` varchar(191) COLLATE utf8mb4_unicode_ci NOT NULL,
  `ID_num` varchar(10) COLLATE utf8mb4_unicode_ci NOT NULL COMMENT '身分證字號',
  `gender` enum('男','女','其他') COLLATE utf8mb4_unicode_ci NOT NULL COMMENT '性別',
  `birth` date NOT NULL COMMENT '生日',
  `address_1` varchar(60) COLLATE utf8mb4_unicode_ci NOT NULL COMMENT '聯絡住址',
  `address_2` varchar(60) COLLATE utf8mb4_unicode_ci DEFAULT NULL COMMENT '戶籍住址',
  `phone` varchar(14) COLLATE utf8mb4_unicode_ci NOT NULL COMMENT '手機號碼',
  `TEL` varchar(11) COLLATE utf8mb4_unicode_ci DEFAULT NULL COMMENT '電話號碼',
  `bureau_id` bigint(20) UNSIGNED NOT NULL DEFAULT '0' COMMENT '單位',
  `social_worker_id` bigint(20) NOT NULL DEFAULT '0' COMMENT '社工ID',
  `email_verified_at` timestamp NULL DEFAULT NULL,
  `password` varchar(191) COLLATE utf8mb4_unicode_ci NOT NULL,
  `remember_token` varchar(100) COLLATE utf8mb4_unicode_ci DEFAULT NULL,
  `created_at` timestamp NULL DEFAULT NULL,
  `updated_at` timestamp NULL DEFAULT NULL,
  `deleted_at` timestamp NULL DEFAULT NULL,
  PRIMARY KEY (`id`),
  UNIQUE KEY `users_email_unique` (`email`),
  UNIQUE KEY `users_id_num_unique` (`ID_num`)
) ENGINE=MyISAM AUTO_INCREMENT=72 DEFAULT CHARSET=utf8mb4 COLLATE=utf8mb4_unicode_ci;

--
-- 傾印資料表的資料 `users`
--

INSERT INTO `users` (`id`, `name`, `email`, `ID_num`, `gender`, `birth`, `address_1`, `address_2`, `phone`, `TEL`, `bureau_id`, `social_worker_id`, `email_verified_at`, `password`, `remember_token`, `created_at`, `updated_at`, `deleted_at`) VALUES
(1, '1', 'bschmitt@example.com', 'E286038563', '女', '1990-12-06', '45491 Silas Skyway Suite 389\nPort Lempi, NY 41656', 'address_1', '0924985411', '08-1158505', 1, 0, '2022-07-05 06:26:33', '$2y$10$92IXUNpkjO0rOQ5byMi.Ye4oKoEa3Ro9llC/.og/at2.uheWG/igi', 'jlOF7cHgrI', '2022-07-05 06:26:33', '2022-09-22 17:15:09', NULL),
(2, 'Ethan Fahey', 'hyatt.samson@example.org', 'E133783273', '女', '2008-05-21', '79593 Heaney Valleys\nSouth Eldred, KS 47737', 'address_1', '0941214611', '05-5453020', 2, 0, '2022-07-05 06:26:33', '$2y$10$92IXUNpkjO0rOQ5byMi.Ye4oKoEa3Ro9llC/.og/at2.uheWG/igi', 'bqv9yXe6NB', '2022-07-05 06:26:33', '2022-08-30 13:48:29', NULL),
(3, 'Prof. Reina Rolfson', 'dhahn@example.com', 'E105057533', '男', '2011-01-31', '彰化縣埔心鄉坤成街746巷666號', '彰化縣埔心鄉坤成街746巷667號', '0999094338', '07-9104966', 21, 0, '2022-07-05 06:26:33', '$2y$10$92IXUNpkjO0rOQ5byMi.Ye4oKoEa3Ro9llC/.og/at2.uheWG/igi', 'wY6CCeCRKP', '2022-07-05 06:26:33', '2022-09-08 14:14:46', NULL),
(4, 'Mauricio Johns III', 'kamille74@example.com', 'E604115793', '男', '1992-08-13', '20640 Dejuan Flats\nEast Luisamouth, ID 53720-9135', 'address_1', '0964084973', '00-5262667', 3, 0, '2022-07-05 06:27:21', '$2y$10$92IXUNpkjO0rOQ5byMi.Ye4oKoEa3Ro9llC/.og/at2.uheWG/igi', 'J0KSn2aymH', '2022-07-05 06:27:21', '2022-07-05 06:27:21', NULL),
(5, 'Murl Kutch', 'amina97@example.org', 'E836338462', '女', '2001-11-02', '792 Gerhold Overpass Apt. 750\nWest Laneymouth, DE 68797', 'address_1', '0948861341', '08-1797195', 3, 0, '2022-07-05 06:27:43', '$2y$10$92IXUNpkjO0rOQ5byMi.Ye4oKoEa3Ro9llC/.og/at2.uheWG/igi', 'asH9zudncW', '2022-07-05 06:27:43', '2022-08-01 13:31:18', NULL),
(6, 'kkk', 'aa@yahoo.com', 'E210647801', '女', '2000-01-16', '隨便', '隨便', '0900', '0001', 2, 0, '2022-07-05 06:27:43', '$2y$10$92IXUNpkjO0rOQ5byMi.Ye4oKoEa3Ro9llC/.og/at2.uheWG/igi', 'xThKMWfvft', '2022-07-05 06:27:43', '2022-08-01 10:30:14', NULL),
(37, 'kevin', 'kk@ya.com.tw.tw', 'E1111111', '男', '2022-07-31', '高雄市', '高雄市', '09708888812', '07-35200000', 4, 0, NULL, '1234', NULL, '2022-08-02 13:00:17', '2022-10-01 11:47:47', NULL),
(7, 'Matteo Luettgen', 'nolan.kenny@example.com', 'E793019282', '女', '1984-04-02', '97954 Hauck Stream Suite 148\nSouth Haileystad, RI 70010-3112', 'address_1', '0979706111', '08-2982220', 1, 0, '2022-07-05 06:27:43', '$2y$10$92IXUNpkjO0rOQ5byMi.Ye4oKoEa3Ro9llC/.og/at2.uheWG/igi', 'UUtpl20Ggg', '2022-07-05 06:27:43', '2022-07-05 06:27:43', NULL),
(8, 'Laurie Murray', 'moriah60@example.org', 'E029286634', '女', '2000-03-27', '82423 Kathleen Square\nMurazikstad, NC 84395', 'address_1', '0916039887', '08-4117062', 3, 0, '2022-07-05 06:28:48', '$2y$10$92IXUNpkjO0rOQ5byMi.Ye4oKoEa3Ro9llC/.og/at2.uheWG/igi', 'FYVIjQQGxr', '2022-07-05 06:28:48', '2022-07-05 06:28:48', NULL),
(9, 'Alena Armstrong', 'gcollins@example.net', 'E325012470', '女', '1990-03-18', '522 Seth Lake Apt. 175\nSouth Gunnerstad, MO 31616-9792', 'address_1', '0982859420', '03-1700055', 3, 0, '2022-07-05 06:28:48', '$2y$10$92IXUNpkjO0rOQ5byMi.Ye4oKoEa3Ro9llC/.og/at2.uheWG/igi', 'KmyFh5aSQJ', '2022-07-05 06:28:48', '2022-07-05 06:28:48', NULL),
(10, 'Jennings McClure', 'vtillman@example.net', 'E167161885', '女', '1970-06-15', '69489 Pouros Lights Apt. 688\nPort Jules, MI 63895-0929', 'address_1', '0957733331', '09-1594921', 3, 0, '2022-07-05 06:28:48', '$2y$10$92IXUNpkjO0rOQ5byMi.Ye4oKoEa3Ro9llC/.og/at2.uheWG/igi', 'mubZpvCQKF', '2022-07-05 06:28:48', '2022-07-05 06:28:48', NULL),
(11, 'Nils Satterfield PhD', 'leopold36@example.org', 'E981645406', '男', '1973-11-18', '962 King Summit Apt. 073\nLenoreberg, CO 03628', 'address_1', '0952310786', '09-8253899', 3, 0, '2022-07-05 06:34:42', '$2y$10$92IXUNpkjO0rOQ5byMi.Ye4oKoEa3Ro9llC/.og/at2.uheWG/igi', 'v9pm42ZZoE', '2022-07-05 06:34:42', '2022-07-05 06:34:42', NULL),
(12, 'Willy Erdman', 'lilla70@example.com', 'E870769573', '男', '2012-12-20', '7217 Lebsack Summit\nNorth Amelyview, NV 38295', 'address_1', '0972479902', '01-5217269', 1, 0, '2022-07-05 06:34:43', '$2y$10$92IXUNpkjO0rOQ5byMi.Ye4oKoEa3Ro9llC/.og/at2.uheWG/igi', 'Tg9pZReSqY', '2022-07-05 06:34:43', '2022-07-05 06:34:43', NULL),
(13, 'Ms. Isabella Reichert', 'jast.alvera@example.net', 'E882461087', '男', '2002-05-08', '896 Darius Villages Apt. 960\nCruickshankburgh, NM 68462', 'address_1', '0948143918', '07-9383636', 1, 0, '2022-07-05 06:34:47', '$2y$10$92IXUNpkjO0rOQ5byMi.Ye4oKoEa3Ro9llC/.og/at2.uheWG/igi', '2aIirWm2X5', '2022-07-05 06:34:47', '2022-07-05 06:34:47', NULL),
(14, 'Dr. Melvina Hammes', 'wilfredo67@example.org', 'E434478713', '女', '2016-06-25', '4416 Roberta Corners\nPort Serenaburgh, WA 01359-0231', 'address_1', '0906947864', '06-2743796', 2, 0, '2022-07-05 06:34:47', '$2y$10$92IXUNpkjO0rOQ5byMi.Ye4oKoEa3Ro9llC/.og/at2.uheWG/igi', '2ofmf1rotd', '2022-07-05 06:34:47', '2022-07-05 06:34:47', NULL),
(15, 'Prof. Lily Pfeffer', 'lilyan.hirthe@example.com', 'E114039096', '男', '1978-04-23', '1946 Lang Forks Suite 974\nWeberton, DC 40605', 'address_1', '0985253139', '04-5854058', 1, 0, '2022-07-05 06:34:47', '$2y$10$92IXUNpkjO0rOQ5byMi.Ye4oKoEa3Ro9llC/.og/at2.uheWG/igi', 'XWGRcxcN3w', '2022-07-05 06:34:47', '2022-07-05 06:34:47', NULL),
(16, '孫涵怡', 'kong.huawei@example.net', 'E294572659', '男', '1997-08-14', '901 嘉義縣東石鄉青埔八街五段366號29樓', 'address_1', '0944175051', '04-4809913', 3, 0, '2022-07-05 06:37:40', '$2y$10$92IXUNpkjO0rOQ5byMi.Ye4oKoEa3Ro9llC/.og/at2.uheWG/igi', '3gbtDa103B', '2022-07-05 06:37:40', '2022-07-05 06:37:40', NULL),
(17, '羅筑', 'hong67@example.org', 'E274695106', '女', '1989-11-17', '951 南投縣埔里鎮健行北街171號', 'address_1', '0938761050', '01-8710154', 5, 0, '2022-07-05 06:37:40', '$2y$10$92IXUNpkjO0rOQ5byMi.Ye4oKoEa3Ro9llC/.og/at2.uheWG/igi', 'zOgZp17C76', '2022-07-05 06:37:40', '2022-07-05 06:37:40', NULL),
(18, '終雯華', 'fenying.yan@example.com', 'E451646620', '女', '1977-12-31', '795 金門縣金沙鎮新北一街357巷462弄164號', 'address_1', '0931727349', '05-2498532', 6, 0, '2022-07-05 06:37:47', '$2y$10$92IXUNpkjO0rOQ5byMi.Ye4oKoEa3Ro9llC/.og/at2.uheWG/igi', 'nonlpYjeUq', '2022-07-05 06:37:47', '2022-07-05 06:37:47', NULL),
(19, '竇冠', 'yangshe.jia@example.org', 'E390680274', '其他', '2003-07-13', '933-58 高雄市美濃區陜西街674巷191號84樓', 'address_1', '0910632408', '08-9796584', 7, 0, '2022-07-05 06:47:05', '$2y$10$92IXUNpkjO0rOQ5byMi.Ye4oKoEa3Ro9llC/.og/at2.uheWG/igi', 'MqPyas1hfh', '2022-07-05 06:47:05', '2022-07-05 06:47:05', NULL),
(20, '鞏芳', 'zyan@example.net', 'E841255027', '女', '1974-07-15', '564 臺中市北區永樂南街728巷269號23樓', 'address_1', '0966581729', '09-2129571', 8, 0, '2022-07-05 06:47:05', '$2y$10$92IXUNpkjO0rOQ5byMi.Ye4oKoEa3Ro9llC/.og/at2.uheWG/igi', 'LSmhNzSlwJ', '2022-07-05 06:47:05', '2022-07-05 06:47:05', NULL),
(21, '汪哲', 'cgu@example.net', 'E641901875', '女', '1989-09-27', '810-76 苗栗縣通霄鎮甲樹街670號93樓', 'address_1', '0990182843', '01-5947914', 5, 0, '2022-07-05 06:47:05', '$2y$10$92IXUNpkjO0rOQ5byMi.Ye4oKoEa3Ro9llC/.og/at2.uheWG/igi', 'JcZ2YZKqdE', '2022-07-05 06:47:05', '2022-07-05 06:47:05', NULL),
(22, 'kev5676612', 'test3@example.com', 'E123456789', '女', '2000-01-10', '彰化縣埔心鄉坤成街746巷666號1233', '彰化縣埔心鄉坤成街746巷667號2', '094922396', '07-9104966', 6, 0, '2022-07-05 07:21:00', '$2y$10$QaQ8V13lZE19OSDQ1vqhPe6iGQ42NSEzDMupwTTg872pkd/jyW7FC', 'GQjyyaMrLGTesv7Ah0aUBycetVurYFiuHopdGg0OP1YUn3wsaJ3VBDyArb16', '2022-07-05 07:21:00', '2022-08-28 12:37:03', NULL),
(23, '關淑', 'lu.sixiao@example.com', 'E543508151', '其他', '2011-02-23', '549 新北市八里區下莊新生路582巷302弄513號49樓', 'address_1', '0999979658', '01-0755620', 9, 0, '2022-07-05 07:21:00', '$2y$10$92IXUNpkjO0rOQ5byMi.Ye4oKoEa3Ro9llC/.og/at2.uheWG/igi', 'NFK369SF4f', '2022-07-05 07:21:00', '2022-07-05 07:21:00', NULL),
(24, '譚貞', 'jhou@example.org', 'E558368112', '女', '2002-12-23', '109-68 基隆市安樂區城中五街681巷752弄794號2樓', 'address_1', '0922523590', '03-9822272', 10, 0, '2022-07-05 07:21:00', '$2y$10$92IXUNpkjO0rOQ5byMi.Ye4oKoEa3Ro9llC/.og/at2.uheWG/igi', 'lEXIKsQkGP', '2022-07-05 07:21:00', '2022-07-05 07:21:00', NULL),
(25, '毛柏銘', 'hanyi11@example.org', 'E374203827', '女', '2014-09-15', '462-91 金門縣烏坵鄉南澳街134巷87號32樓', 'address_1', '0927466716', '07-1487057', 11, 0, '2022-07-05 07:21:00', '$2y$10$92IXUNpkjO0rOQ5byMi.Ye4oKoEa3Ro9llC/.og/at2.uheWG/igi', 'wNunoqZHvw', '2022-07-05 07:21:00', '2022-07-05 07:21:00', NULL),
(26, '游萱思', 'yuzong.jing@example.net', 'E153430902', '女', '2019-04-22', '448-12 彰化縣芬園鄉楓江路618號', 'address_1', '0987297514', '01-8182794', 12, 0, '2022-07-05 07:21:00', '$2y$10$92IXUNpkjO0rOQ5byMi.Ye4oKoEa3Ro9llC/.og/at2.uheWG/igi', 'EZPk6B8FhJ', '2022-07-05 07:21:00', '2022-07-05 07:21:00', NULL),
(27, '琴嘉琪', 'mke@example.com', 'E191539513', '其他', '1975-04-03', '651-28 臺南市安平區南橋一路997巷876弄590號18樓', 'address_1', '0934884077', '02-3141290', 13, 0, '2022-07-05 07:21:00', '$2y$10$92IXUNpkjO0rOQ5byMi.Ye4oKoEa3Ro9llC/.og/at2.uheWG/igi', 'bJbqGcil27', '2022-07-05 07:21:00', '2022-07-05 07:21:00', NULL),
(28, '瞿佳君', 'lingwen.bao@example.com', 'E339033046', '女', '1978-10-28', '067-71 臺東縣延平鄉內定七路六段344巷642號', 'address_1', '0931540544', '01-7141639', 14, 0, '2022-07-05 07:21:00', '$2y$10$92IXUNpkjO0rOQ5byMi.Ye4oKoEa3Ro9llC/.og/at2.uheWG/igi', 'w5OtNptav0', '2022-07-05 07:21:00', '2022-07-05 07:21:00', NULL),
(29, '韋宇', 'zhuo.chengjian@example.org', 'E684324297', '女', '1985-07-02', '042-04 臺北市中正區復華四路九段579巷62號64樓', 'address_1', '0975943841', '06-5653385', 15, 0, '2022-07-05 07:21:00', '$2y$10$92IXUNpkjO0rOQ5byMi.Ye4oKoEa3Ro9llC/.og/at2.uheWG/igi', 'AGLhphb4tR', '2022-07-05 07:21:00', '2022-07-05 07:21:00', NULL),
(30, '祿賢心', 'vzhuang@example.net', 'E090720076', '女', '2004-04-18', '739 臺南市安定區海康路四段833巷628弄796號', 'address_1', '0931218555', '09-8958226', 16, 0, '2022-07-05 07:21:00', '$2y$10$92IXUNpkjO0rOQ5byMi.Ye4oKoEa3Ro9llC/.og/at2.uheWG/igi', '5jzOjHvCDn', '2022-07-05 07:21:00', '2022-07-05 07:21:00', NULL),
(31, '凌婉鈺', 'lu.baisi@example.net', 'E871627308', '女', '2003-10-31', '450 高雄市楠梓區法院前路973號72樓', 'address_1', '0974205670', '03-5144497', 17, 0, '2022-07-05 07:21:00', '$2y$10$92IXUNpkjO0rOQ5byMi.Ye4oKoEa3Ro9llC/.og/at2.uheWG/igi', '8G1jNl4dpr', '2022-07-05 07:21:00', '2022-07-05 07:21:00', NULL),
(35, 'kevin', 'kk@ya.com', 'E111111112', '男', '2022-07-31', '高雄市', '高雄市', '0970888888', '07-35200000', 21, 0, NULL, '1234', NULL, '2022-08-02 12:50:48', '2022-08-02 12:50:48', NULL),
(36, 'kevin', 'kk@ya.com.tw', 'E11111112', '男', '2022-07-31', '高雄市', '高雄市', '0970888881', '07-35200000', 22, 0, NULL, '1234', NULL, '2022-08-02 12:57:34', '2022-08-02 12:57:34', NULL),
(33, 'Kevin', 'test2@example.com', 'E123455555', '男', '2000-01-01', '245 桃園市桃園區全福路七段972巷517弄822號31樓', 'address_1', '0953808679', '03-0351310', 10, 0, '2022-07-21 10:28:20', '$2y$10$S9KhreGlDMr2IS/sWPNLAOQOZsPxzAJAiNohpbub4Ze32TSP/I2hG', 'nNPEqAChyRP30ah4tfXNU6b8DvhSV6wPHXmph0gSQoIjJBEqp5UKEBOUQH2v', '2022-07-21 10:28:20', '2022-08-02 14:43:37', NULL),
(39, 'kevin', 'kk@ya.com.tw.ta', 'E11111', '男', '2022-07-31', '高雄市', '高雄市', '097088882', '07-352000', 23, 0, NULL, '1234', NULL, '2022-08-02 16:42:10', '2022-08-02 16:42:10', NULL),
(40, 'kevin', 'kk@ya.com.tw.ta1', 'E111', '男', '2022-07-31', '高雄市', '高雄市', '097088881', '07-352000', 24, 0, NULL, '1234', NULL, '2022-08-26 14:02:57', '2022-08-26 14:02:57', NULL),
(41, 'kev5676612', 'test3@example.com00', 'E11', '女', '2000-01-31', '彰化縣埔心鄉坤成街746巷666號', '彰化縣埔心鄉坤成街746巷667號', '0940', '07-9104966', 10, 0, NULL, '$2y$10$S9KhreGlDMr2IS/sWPNLAOQOZsPxzAJAiNohpbub4Ze32TSP/I2hG', NULL, '2022-08-26 14:04:35', '2022-09-27 13:56:28', NULL),
(52, 'kevin', 'kk@ya.com.tw.ta10', 'E141', '男', '2022-07-31', '高雄市', '高雄市', '0910', '07-3520', 3, 0, NULL, '$2y$10$64nAzBYYuALveAGBhbwBguKT4UdzLcc8XaRdrAW2gVtXJtD33dI6e', NULL, '2022-09-08 09:36:18', '2022-09-08 09:36:18', NULL),
(50, 'kevin', 'kk@ya.com.tw.ta8', 'E14251', '男', '2022-07-31', '高雄市', '高雄市', '097100', '07-3520', 3, 0, NULL, '$2y$10$BfLqE75PHynrsKAyg1d9aunzdiSsz8LxDHz3dqt7g.t2O1LBamxjm', NULL, '2022-09-08 09:22:43', '2022-09-08 09:22:43', NULL),
(51, 'kevin', 'kk@ya.com.tw.ta9', 'E14210', '男', '2022-07-31', '高雄市', '高雄市', '0971000', '07-3520', 3, 0, NULL, '$2y$10$LZfDUKMllQNRd5zftHGicOMKHqx4NtQiW/izztGm3eQVCcHZfM8L6', NULL, '2022-09-08 09:29:50', '2022-09-08 09:29:50', NULL),
(49, 'kevin', 'kk@ya.com.tw.ta7', 'E14254', '男', '2022-07-31', '高雄市', '高雄市', '0971', '07-35200', 3, 0, NULL, '$2y$10$AzZlonpBe1avSfthL2DCTuXCC7kWqYMFRW/Rx4EjoMT6BjfR1N3iK', NULL, '2022-09-08 09:21:59', '2022-09-08 09:21:59', NULL),
(53, 'kevin', 'kk@ya.com.tw.ta11', 'E142', '男', '2022-07-31', '高雄市', '高雄市', '0911', '07-3520', 3, 0, NULL, '$2y$10$MrOodsXyhTPCVtwPwX508ufc4Qqs03875ONLeDnukjEMmBS6SoJSa', NULL, '2022-09-08 11:59:32', '2022-09-08 11:59:32', NULL),
(54, 'kevin', 'kk@ya.com.tw.ta12', 'E1421', '男', '2022-07-31', '高雄市', '高雄市', '09101', '07-3520', 0, 0, NULL, '$2y$10$XWwNU1zKzxz4JYyaoHuY9OX1kdTZcV3dpghp2mTGLMDOFyZvqALTu', NULL, '2022-09-08 12:02:27', '2022-09-08 12:02:27', NULL),
(55, 'kevin', 'kk@ya.com.t', 'E1', '男', '2022-07-31', '高雄市', '高雄市', '09', '07-3520', 0, 0, NULL, '$2y$10$c8EKiLQKCZhRXmnOEkw4Vev7qhVqrDx9vFXWzswvGidZyMYwiRPwC', NULL, '2022-09-08 13:15:33', '2022-09-08 13:15:33', NULL),
(56, 'kevin123', 'kk@ya.com.tm', 'E0', '男', '2022-07-31', '高雄市', '高雄市', '01', '07-3520', 0, 0, NULL, '$2y$10$UFtfugrCOOJHpbr0a.sLWua9mW2mu3hdxd5gMzB1LxS6WIIjdCcuW', NULL, '2022-09-08 13:39:47', '2022-09-08 13:39:47', NULL),
(57, 'kevin123', 'kk@ya.com.tm1', 'E01', '男', '2022-07-31', '高雄市', '高雄市', '0111', '07-35200', 4, 0, NULL, '$2y$10$wdRev0REXFHt6vs57Z8Kb.5FdGIyAs45EfzQL0AZTzkarnv/x3rT.', NULL, '2022-09-08 15:57:30', '2022-09-08 15:57:30', NULL),
(58, 'kevin123', 'kk@ya.com112', 'E010', '男', '2022-07-31', '高雄市', '高雄市', '01110', '07-31', 10, 0, NULL, '$2y$10$ddwsdd97F7egRtgmCVcjB.JcjbsRtYoES7Vldxbf4z.XZdByKIMnK', NULL, '2022-09-08 15:59:55', '2022-09-22 17:40:03', NULL),
(59, 'kevin123', 'kk@ya.com1123', 'E0101', '男', '2022-07-31', '高雄市', '高雄市', '011100', '07-31', 4, 0, NULL, '$2y$10$y8SVMTAdF2.d0b7wJnw.NuNhIocp582FNMRbauaPpHc3pbtOXsXh.', NULL, '2022-09-08 16:40:03', '2022-09-22 17:40:29', NULL),
(60, 'kevin123', 'kk@ya.com13', 'E01012', '男', '2022-07-31', '高雄市', '高雄市', '01111', '07-31', 10, 0, NULL, '$2y$10$rhh9QwA2v74Wzx68CesndOXNPWunXsFY1oF2k/A0GKUJCgWPMO2yW', NULL, '2022-09-08 16:42:25', '2022-09-27 12:38:02', NULL),
(61, 'kevin1231', 'kk@ya.co', 'E010120', '男', '2022-07-31', '高雄市', '高雄市', '0114', '07-31', 10, 0, NULL, '$2y$10$elTrHPR7UfR0.jeMJHCIIOGNz8mn2j4LhShmQYAtxpVH0n5k7BifC', NULL, '2022-09-08 16:43:00', '2022-09-08 16:43:00', NULL),
(62, 'kevin', 'demo@devias.ioss2', 'E1234546', '女', '2022-03-03', '高雄市楠梓區', '高雄市楠梓區', '09880', '03-3526', 0, 0, NULL, '$2y$10$QlOUrpgMmSWRXr.xiU55H.elmpt4T8VfZ745eeQmA7L/f.jTLgRU6', NULL, '2022-09-13 17:35:21', '2022-09-13 17:35:21', NULL),
(63, 'kevin', 'demo@devias.ioss21', 'E1200', '女', '2022-09-14', '高雄市楠梓區', '高雄市楠梓區', '095132', '03-3526', 0, 0, NULL, '$2y$10$7vs6l8.2VvbFQoUwzyEYae3z4a26pnv19rp.Ix2r0O9bYFUPuuASO', NULL, '2022-09-13 17:45:25', '2022-09-13 17:45:25', NULL),
(64, 'admin1234', 'test@test.com1', 'E0101201', '男', '2022-07-31', '高雄市', '高雄市', '01143', '07-312', 4, 0, NULL, '$2y$10$/yZpQMAlxQYt.hiaVcvPkuoWyQWov3/YoxqXGqoI5RXH.g8I6wi1q', NULL, '2022-09-21 17:10:15', '2022-09-22 17:40:54', NULL),
(65, 'admin1234', 'test@test.com2', 'E0101202', '男', '2022-07-31', '高雄市', '高雄市', '011432', '07-313', 4, 0, NULL, '$2y$10$Ym6eVcdVEjjmXLkemgsAhOfOhXBKCdkr8QvUFJc8bOD12Gml4IcXq', NULL, '2022-09-21 17:10:40', '2022-09-22 17:33:53', NULL),
(66, 'admin1234', 'test@test.com3', 'E0101200', '男', '2022-07-31', '高雄市', '高雄市', '0114323', '07-3132', 4, 0, NULL, '$2y$10$ouVhYOcbZsTAHOeaqoJ4F.vwQhpiYeNnTS6woFJnVtx2fiTJ6MRvu', NULL, '2022-09-21 17:12:07', '2022-09-21 17:12:07', NULL),
(67, 'admin1234', 'test@test.com4', 'E01012003', '男', '2022-07-31', '高雄市', '高雄市', '01143231', '07-31322', 4, 66, NULL, '$2y$10$3jUDuqlvMg3s/EZhHpSyvOmqygeGlKbgC4qAOEYzeHhjhZ3CL1rK2', NULL, '2022-09-21 17:12:28', '2022-10-01 11:46:20', NULL),
(71, 'kevin', 'kk@ya.com.tw.ta3', 'E14', '男', '2022-07-31', '高雄市', '高雄市', '097088', '07-352000', 0, 0, NULL, '$2y$10$oudpLEKHE7txZqT79FDLxOZvSnO8fRLh8O3dEiDDmtXknVpIM8q7e', NULL, '2022-09-27 14:00:30', '2022-09-27 14:00:30', NULL);

-- --------------------------------------------------------

--
-- 資料表結構 `user_role`
--

DROP TABLE IF EXISTS `user_role`;
CREATE TABLE IF NOT EXISTS `user_role` (
  `id` bigint(20) UNSIGNED NOT NULL AUTO_INCREMENT,
  `user_id` bigint(20) UNSIGNED NOT NULL COMMENT '使用者ID',
  `role_id` bigint(20) UNSIGNED NOT NULL COMMENT '角色ID',
  `created_at` timestamp NULL DEFAULT NULL,
  `updated_at` timestamp NULL DEFAULT NULL,
  PRIMARY KEY (`id`)
) ENGINE=MyISAM AUTO_INCREMENT=66 DEFAULT CHARSET=utf8mb4 COLLATE=utf8mb4_unicode_ci;

--
-- 傾印資料表的資料 `user_role`
--

INSERT INTO `user_role` (`id`, `user_id`, `role_id`, `created_at`, `updated_at`) VALUES
(1, 22, 1, NULL, NULL),
(2, 22, 2, NULL, NULL),
(3, 22, 3, NULL, NULL),
(4, 22, 4, NULL, NULL),
(5, 33, 4, NULL, NULL),
(6, 41, 6, NULL, NULL),
(7, 1, 1, NULL, NULL),
(8, 2, 1, NULL, NULL),
(9, 52, 1, NULL, NULL),
(13, 53, 1, '2022-09-08 11:59:33', '2022-09-08 11:59:33'),
(12, 3, 3, '2022-09-08 10:14:15', '2022-09-08 10:48:18'),
(14, 57, 5, '2022-09-08 15:57:30', '2022-09-08 15:57:30'),
(15, 59, 5, '2022-09-08 16:40:03', '2022-09-08 16:40:03'),
(16, 60, 6, '2022-09-08 16:42:25', '2022-09-08 16:42:25'),
(17, 61, 5, '2022-09-08 16:43:00', '2022-09-08 16:43:00'),
(18, 63, 1, '2022-09-13 17:45:25', '2022-09-13 17:45:25'),
(19, 1, 1, NULL, NULL),
(20, 4, 1, NULL, NULL),
(21, 4, 2, NULL, NULL),
(22, 5, 2, NULL, NULL),
(23, 6, 2, NULL, NULL),
(24, 7, 4, NULL, NULL),
(25, 8, 4, NULL, NULL),
(26, 9, 4, NULL, NULL),
(27, 10, 3, NULL, NULL),
(28, 11, 3, NULL, NULL),
(29, 12, 3, NULL, NULL),
(30, 13, 3, NULL, NULL),
(31, 14, 3, NULL, NULL),
(32, 15, 3, NULL, NULL),
(33, 16, 3, NULL, NULL),
(34, 17, 5, NULL, NULL),
(35, 18, 5, NULL, NULL),
(36, 19, 5, NULL, NULL),
(37, 20, 5, NULL, NULL),
(38, 21, 5, NULL, NULL),
(39, 23, 5, NULL, NULL),
(40, 24, 5, NULL, NULL),
(41, 25, 5, NULL, NULL),
(42, 26, 6, NULL, NULL),
(43, 27, 6, NULL, NULL),
(44, 28, 6, NULL, NULL),
(45, 29, 6, NULL, NULL),
(46, 30, 6, NULL, NULL),
(47, 31, 6, NULL, NULL),
(48, 35, 6, NULL, NULL),
(49, 36, 6, NULL, NULL),
(50, 37, 6, NULL, NULL),
(51, 39, 6, NULL, NULL),
(52, 40, 6, NULL, NULL),
(53, 49, 6, NULL, NULL),
(54, 50, 6, NULL, NULL),
(55, 51, 6, NULL, NULL),
(56, 54, 6, NULL, NULL),
(57, 55, 6, NULL, NULL),
(58, 56, 6, NULL, NULL),
(59, 58, 6, NULL, NULL),
(61, 62, 6, NULL, NULL),
(62, 64, 2, '2022-09-21 17:10:15', '2022-09-21 17:10:15'),
(63, 65, 4, '2022-09-21 17:10:40', '2022-09-21 17:10:40'),
(64, 66, 5, '2022-09-21 17:12:07', '2022-09-21 17:12:07'),
(65, 67, 6, '2022-09-21 17:12:28', '2022-09-21 17:12:28');
COMMIT;

/*!40101 SET CHARACTER_SET_CLIENT=@OLD_CHARACTER_SET_CLIENT */;
/*!40101 SET CHARACTER_SET_RESULTS=@OLD_CHARACTER_SET_RESULTS */;
/*!40101 SET COLLATION_CONNECTION=@OLD_COLLATION_CONNECTION */;
