-- phpMyAdmin SQL Dump
-- version 5.1.3
-- https://www.phpmyadmin.net/
--
-- 主機： 127.0.0.1:3306
-- 產生時間： 2022-11-30 19:38:54
-- 伺服器版本： 5.7.36
-- PHP 版本： 8.1.0

SET SQL_MODE = "NO_AUTO_VALUE_ON_ZERO";
START TRANSACTION;
SET time_zone = "+00:00";


/*!40101 SET @OLD_CHARACTER_SET_CLIENT=@@CHARACTER_SET_CLIENT */;
/*!40101 SET @OLD_CHARACTER_SET_RESULTS=@@CHARACTER_SET_RESULTS */;
/*!40101 SET @OLD_COLLATION_CONNECTION=@@COLLATION_CONNECTION */;
/*!40101 SET NAMES utf8mb4 */;

--
-- 資料庫: `laravel_test_my_pingtung_platform`
--

-- --------------------------------------------------------

--
-- 資料表結構 `bureaus`
--

DROP TABLE IF EXISTS `bureaus`;
CREATE TABLE IF NOT EXISTS `bureaus` (
  `id` bigint(20) UNSIGNED NOT NULL AUTO_INCREMENT,
  `name` varchar(191) COLLATE utf8mb4_unicode_ci NOT NULL COMMENT '單位',
  `address` varchar(60) COLLATE utf8mb4_unicode_ci NOT NULL COMMENT '地址',
  `zipcode` varchar(5) COLLATE utf8mb4_unicode_ci NOT NULL COMMENT '郵遞區號',
  `TEL` varchar(11) COLLATE utf8mb4_unicode_ci NOT NULL COMMENT '電話',
  `user_id` bigint(20) UNSIGNED DEFAULT NULL COMMENT '帶頭的',
  `created_at` timestamp NULL DEFAULT NULL,
  `updated_at` timestamp NULL DEFAULT NULL,
  PRIMARY KEY (`id`)
) ENGINE=MyISAM AUTO_INCREMENT=35 DEFAULT CHARSET=utf8mb4 COLLATE=utf8mb4_unicode_ci;

--
-- 傾印資料表的資料 `bureaus`
--

INSERT INTO `bureaus` (`id`, `name`, `address`, `zipcode`, `TEL`, `user_id`, `created_at`, `updated_at`) VALUES
(1, '屏東縣衛生局', '屏東縣屏東市自由路272號', '900', '087370002', NULL, '2022-08-29 14:15:38', '2022-08-29 14:15:38'),
(2, '屏東市衛生局', '屏東縣屏東市中正路419號', '900', '087388701', NULL, '2022-08-29 14:15:38', '2022-08-29 14:15:38'),
(3, '潮州鎮衛生所', '屏東縣潮州鎮永坤路107號', '920', '087882131', NULL, '2022-08-29 14:15:38', '2022-08-29 14:15:38'),
(4, '東港鎮衛生所', '屏東縣東港鎮新生三路23號', '928', '088325310', NULL, '2022-08-29 14:15:38', '2022-08-29 14:15:38'),
(5, '恆春鎮衛生所', '屏東縣恆春鎮文化路78號', '946', '088892140', NULL, '2022-08-29 14:15:38', '2022-08-29 14:15:38'),
(6, '萬丹鄉衛生所', '屏東縣萬丹鄉萬丹路一段501號', '913', '087772049', NULL, '2022-08-29 14:15:38', '2022-08-29 14:15:38'),
(7, '九如鄉衛生所', '屏東縣九如鄉九如路二段247號', '904', '087392006', NULL, '2022-08-29 14:15:38', '2022-08-29 14:15:38'),
(8, '里港鄉衛生所', '屏東縣里港鄉中山路103-1號', '905', '087751711', NULL, '2022-08-29 14:15:38', '2022-08-29 14:15:38'),
(9, '萬巒鄉衛生所', '屏東縣萬巒鄉褒忠路16號', '923', '087811794', NULL, '2022-08-29 14:15:38', '2022-08-29 14:15:38'),
(10, '內埔鄉衛生所', '屏東縣內埔鄉中興路191號', '912', '087792414', NULL, '2022-08-29 14:15:38', '2022-08-29 14:15:38'),
(11, '竹田鄉衛生所', '屏東縣竹田鄉中山路25號', '911', '087712434', NULL, '2022-08-29 14:15:38', '2022-08-29 14:15:38'),
(12, '新埤鄉衛生所', '屏東縣新埤鄉中正路38號', '925', '087971090', NULL, '2022-08-29 14:15:38', '2022-08-29 14:15:38'),
(13, '新園鄉衛生所', '屏東縣新園鄉仙吉路89-2號', '932', '088681293', NULL, '2022-08-29 14:15:38', '2022-08-29 14:15:38'),
(14, '枋寮鄉衛生所', '屏東縣枋寮鄉德興路77號', '940', '088782940', NULL, '2022-08-29 14:15:38', '2022-08-29 14:15:38'),
(15, '高樹鄉衛生所', '屏東縣高樹鄉南昌路12-2號', '906', '087962026', NULL, '2022-08-29 14:15:38', '2022-08-29 14:15:38'),
(16, '鹽埔鄉衛生所', '屏東縣鹽埔鄉勝利路187號', '907', '087932474', NULL, '2022-08-29 14:15:38', '2022-08-29 14:15:38'),
(17, '麟洛鄉衛生所', '屏東縣麟洛鄉中山路156-1號', '909', '087221152', NULL, '2022-08-29 14:15:38', '2022-08-29 14:15:38'),
(18, '長治鄉衛生所', '屏東縣長治鄉進興村潭頭路3號', '908', '087368734', NULL, '2022-08-29 14:15:38', '2022-08-29 14:15:38'),
(19, '崁頂鄉衛生所', '屏東縣崁頂鄉興農路29-9號', '924', '088631454', NULL, '2022-08-29 14:15:38', '2022-08-29 14:15:38'),
(20, '林邊鄉衛生所', '屏東縣林邊鄉和平路45號', '927', '088752076', NULL, '2022-08-29 14:15:38', '2022-08-29 14:15:38'),
(21, '南州鄉衛生所', '屏東縣南州鄉人和路239號', '926', '088642224', NULL, '2022-08-29 14:15:38', '2022-08-29 14:15:38'),
(22, '佳冬鄉衛生所', '屏東縣佳冬鄉佳和路87-1號', '931', '088662018', NULL, '2022-08-29 14:15:38', '2022-08-29 14:15:38'),
(23, '琉球鄉衛生所', '屏東縣琉球鄉中山路51號', '929', '088612513', NULL, '2022-08-29 14:15:38', '2022-08-29 14:15:38'),
(24, '枋山鄉鄉生所', '屏東縣枋山鄉枋山路115-91號', '941', '088761150', NULL, '2022-08-29 14:15:38', '2022-08-29 14:15:38'),
(25, '三地門鄉衛生所', '屏東縣三地門鄉行政街4號', '901', '087991284', NULL, '2022-08-29 14:15:38', '2022-08-29 14:15:38'),
(26, '泰武鄉衛生所', '屏東縣泰武鄉佳平村179號', '921', '087832059', NULL, '2022-08-29 14:15:38', '2022-08-29 14:15:38'),
(27, '來義鄉衛生所', '屏東縣來義鄉古樓村中正路90號', '922', '087850103', NULL, '2022-08-29 14:15:38', '2022-08-29 14:15:38'),
(28, '春日鄉衛生所', '屏東縣春日鄉春日路176號942', '942', '088780358', NULL, '2022-08-29 14:15:38', '2022-08-29 14:15:38'),
(29, '獅子鄉衛生所', '屏東縣獅子鄉楓林二巷32號', '943', '088771324', NULL, '2022-08-29 14:15:38', '2022-08-29 14:15:38'),
(30, '牡丹鄉鄉生所', '屏東縣牡丹鄉石門路19號', '945', '088831013', NULL, '2022-08-29 14:15:38', '2022-08-29 14:15:38'),
(31, '瑪家鄉衛生所', '屏東縣瑪家鄉風景巷86號', '903', '087991164', NULL, '2022-08-29 14:15:38', '2022-08-29 14:15:38'),
(32, '霧台鄉衛生所', '屏東縣霧台鄉神山巷68號', '902', '087902232', NULL, '2022-08-29 14:15:38', '2022-08-29 14:15:38'),
(33, '滿州鄉衛生所', '屏東縣滿州鄉中山路31號', '947', '088801279', NULL, '2022-08-29 14:15:38', '2022-08-29 14:15:38'),
(34, '車城鄉衛生所', '屏東縣車城鄉福安路2之-0號', '944', '088821300', NULL, '2022-08-29 14:15:38', '2022-08-29 14:15:38');

-- --------------------------------------------------------

--
-- 資料表結構 `failed_jobs`
--

DROP TABLE IF EXISTS `failed_jobs`;
CREATE TABLE IF NOT EXISTS `failed_jobs` (
  `id` bigint(20) UNSIGNED NOT NULL AUTO_INCREMENT,
  `uuid` varchar(191) COLLATE utf8mb4_unicode_ci NOT NULL,
  `connection` text COLLATE utf8mb4_unicode_ci NOT NULL,
  `queue` text COLLATE utf8mb4_unicode_ci NOT NULL,
  `payload` longtext COLLATE utf8mb4_unicode_ci NOT NULL,
  `exception` longtext COLLATE utf8mb4_unicode_ci NOT NULL,
  `failed_at` timestamp NOT NULL DEFAULT CURRENT_TIMESTAMP,
  PRIMARY KEY (`id`),
  UNIQUE KEY `failed_jobs_uuid_unique` (`uuid`)
) ENGINE=MyISAM DEFAULT CHARSET=utf8mb4 COLLATE=utf8mb4_unicode_ci;

-- --------------------------------------------------------

--
-- 資料表結構 `migrations`
--

DROP TABLE IF EXISTS `migrations`;
CREATE TABLE IF NOT EXISTS `migrations` (
  `id` int(10) UNSIGNED NOT NULL AUTO_INCREMENT,
  `migration` varchar(191) COLLATE utf8mb4_unicode_ci NOT NULL,
  `batch` int(11) NOT NULL,
  PRIMARY KEY (`id`)
) ENGINE=MyISAM AUTO_INCREMENT=85 DEFAULT CHARSET=utf8mb4 COLLATE=utf8mb4_unicode_ci;

--
-- 傾印資料表的資料 `migrations`
--

INSERT INTO `migrations` (`id`, `migration`, `batch`) VALUES
(1, '2014_10_12_000000_create_users_table', 1),
(2, '2014_10_12_100000_create_password_resets_table', 1),
(3, '2019_08_19_000000_create_failed_jobs_table', 1),
(4, '2019_12_14_000001_create_personal_access_tokens_table', 1),
(5, '2022_07_05_135703_add_profile_to_users', 2),
(25, '2022_08_02_212516_edit_bureau_id_to_users', 3),
(29, '2022_08_08_164708_create_questionnaires_table', 4),
(30, '2022_08_08_211833_create_questionnaire_logs_table', 4),
(31, '2022_08_09_001017_rename_questionnaire_logs', 4),
(46, '2022_08_09_162203_create_scale_orders_table', 5),
(47, '2022_08_09_162239_create_scale_details_table', 5),
(48, '2022_08_09_182330_create_scale_answers_table', 5),
(50, '2022_08_16_134148_create_news_table', 6),
(51, '2022_08_16_155900_create_news_types_table', 7),
(58, '2022_08_16_160752_edit_news_table', 8),
(60, '2022_08_26_205204_create_roles_table', 9),
(65, '2022_08_26_213215_create_bureaus_table', 10),
(66, '2022_08_28_194456_create_user_role_table', 10),
(67, '2022_08_29_221156_add_zipcode_to_bureaus', 10),
(74, '2022_09_15_214227_add_social_worker_id_to_users', 11),
(75, '2022_09_27_221804_add_input_type_to_questionnaires', 12),
(76, '2022_09_27_222838_add_input_type_to_scale_details', 12),
(79, '2022_10_03_231524_add_social_worker_id_to_scale_answers', 13),
(82, '2022_10_13_160529_add_img_url_to_news', 14),
(83, '2022_11_15_215909_add_social_worker_id_to_questionnaire_answers', 15),
(84, '2022_12_01_024040_add_img_url_to_users', 16);

-- --------------------------------------------------------

--
-- 資料表結構 `news`
--

DROP TABLE IF EXISTS `news`;
CREATE TABLE IF NOT EXISTS `news` (
  `id` bigint(20) UNSIGNED NOT NULL AUTO_INCREMENT,
  `title` varchar(191) COLLATE utf8mb4_unicode_ci NOT NULL COMMENT '消息標題',
  `content` text COLLATE utf8mb4_unicode_ci NOT NULL COMMENT '消息內容',
  `news_types_id` bigint(20) UNSIGNED DEFAULT NULL COMMENT '消息類型ID',
  `user_id` bigint(20) UNSIGNED DEFAULT NULL COMMENT '發文者ID',
  `img_url` varchar(191) COLLATE utf8mb4_unicode_ci NOT NULL DEFAULT 'https://cdn-icons-png.flaticon.com/512/2521/2521768.png' COMMENT '圖片網址',
  `deleted_at` timestamp NULL DEFAULT NULL,
  `created_at` timestamp NULL DEFAULT NULL,
  `updated_at` timestamp NULL DEFAULT NULL,
  PRIMARY KEY (`id`)
) ENGINE=MyISAM AUTO_INCREMENT=51 DEFAULT CHARSET=utf8mb4 COLLATE=utf8mb4_unicode_ci;

--
-- 傾印資料表的資料 `news`
--

INSERT INTO `news` (`id`, `title`, `content`, `news_types_id`, `user_id`, `img_url`, `deleted_at`, `created_at`, `updated_at`) VALUES
(14, 'aaxxddd', 'test', 2, NULL, 'https://cdn-icons-png.flaticon.com/512/2521/2521768.png', '2022-10-13 08:19:50', '2022-08-26 12:26:07', '2022-08-26 12:26:07'),
(4, 'apple6', 'test1', 2, NULL, 'http://localhost/laravel/my_pingtung_platform/storage/app/public/image/news/7gzsdn0ps3ig5pF8BieBnbXqgiGY7I0O2mRNDrnh.png', NULL, '2022-08-16 10:43:29', '2022-11-30 18:58:53'),
(5, 'aa2ws', 'test233', 2, NULL, 'https://cdn-icons-png.flaticon.com/512/2521/2521768.png', NULL, '2022-08-16 10:44:20', '2022-08-26 12:38:19'),
(6, 'aa', 'test2', 1, NULL, 'https://cdn-icons-png.flaticon.com/512/2521/2521768.png', NULL, '2022-08-16 10:45:03', '2022-08-16 12:08:35'),
(7, 'aa', 'test233', 1, NULL, 'https://cdn-icons-png.flaticon.com/512/2521/2521768.png', NULL, '2022-08-16 10:45:25', '2022-08-16 12:09:02'),
(8, 'aaxx', 'test', 2, NULL, 'https://cdn-icons-png.flaticon.com/512/2521/2521768.png', NULL, '2022-08-16 10:46:09', '2022-08-16 10:46:09'),
(9, 'aaxxddd', 'test', 2, NULL, 'https://cdn-icons-png.flaticon.com/512/2521/2521768.png', NULL, '2022-08-16 10:46:33', '2022-08-16 10:46:33'),
(10, 'aaxxddd', 'test', 2, NULL, 'https://cdn-icons-png.flaticon.com/512/2521/2521768.png', NULL, '2022-08-16 10:46:41', '2022-08-16 10:46:41'),
(11, 'aaxxddd', 'test', 2, NULL, 'https://cdn-icons-png.flaticon.com/512/2521/2521768.png', NULL, '2022-08-16 10:57:32', '2022-10-08 19:10:47'),
(12, 'aa2ws335', 'test233', 2, 22, 'https://cdn-icons-png.flaticon.com/512/2521/2521768.png', NULL, '2022-08-16 10:57:36', '2022-10-13 09:56:45'),
(15, 'aaxxddd', 'test', 2, NULL, 'https://cdn-icons-png.flaticon.com/512/2521/2521768.png', NULL, '2022-08-26 12:27:10', '2022-08-26 12:27:10'),
(13, 'aaxxddd', 'test', 2, NULL, 'https://cdn-icons-png.flaticon.com/512/2521/2521768.png', NULL, '2022-08-26 12:24:51', '2022-08-26 12:24:51'),
(16, 'aaxxddd', 'test', 2, NULL, 'https://cdn-icons-png.flaticon.com/512/2521/2521768.png', NULL, '2022-08-26 12:27:55', '2022-08-26 12:27:55'),
(17, 'aaxxddd', 'test', 2, NULL, 'https://cdn-icons-png.flaticon.com/512/2521/2521768.png', NULL, '2022-08-26 12:28:16', '2022-08-26 12:28:16'),
(18, 'aaxxddd', 'test', 2, NULL, 'https://cdn-icons-png.flaticon.com/512/2521/2521768.png', NULL, '2022-08-26 12:28:50', '2022-08-26 12:28:50'),
(19, 'aaxxddd', 'test', 2, NULL, 'https://cdn-icons-png.flaticon.com/512/2521/2521768.png', NULL, '2022-08-26 12:30:52', '2022-08-26 12:30:52'),
(20, 'aaxxddd', 'test', 2, NULL, 'https://cdn-icons-png.flaticon.com/512/2521/2521768.png', NULL, '2022-08-26 12:30:54', '2022-08-26 12:30:54'),
(21, 'aaxxddd', 'test', 2, NULL, 'https://cdn-icons-png.flaticon.com/512/2521/2521768.png', NULL, '2022-08-26 12:31:23', '2022-08-26 12:31:23'),
(22, 'aaxxddd', 'test', 2, NULL, 'https://cdn-icons-png.flaticon.com/512/2521/2521768.png', NULL, '2022-08-26 12:37:27', '2022-08-26 12:37:27'),
(23, 'aaxxddd', 'test', 2, 22, 'https://cdn-icons-png.flaticon.com/512/2521/2521768.png', NULL, '2022-08-26 12:37:36', '2022-08-26 12:37:36'),
(24, 'aaxxddd', 'test', 2, 22, 'https://cdn-icons-png.flaticon.com/512/2521/2521768.png', NULL, '2022-09-01 15:17:35', '2022-09-01 15:17:35'),
(25, 'aaxxddd', 'test', 2, 22, 'https://cdn-icons-png.flaticon.com/512/2521/2521768.png', NULL, '2022-09-01 15:18:23', '2022-09-01 15:18:23'),
(26, 'aaxxddd', 'test', 2, 22, 'https://cdn-icons-png.flaticon.com/512/2521/2521768.png', NULL, '2022-09-26 17:02:01', '2022-09-26 17:02:01'),
(27, 'aaxxddd', 'test', 2, 64, 'https://cdn-icons-png.flaticon.com/512/2521/2521768.png', NULL, '2022-10-08 19:05:10', '2022-10-08 19:05:10'),
(29, 'eee', 'test', 2, 64, 'https://cdn-icons-png.flaticon.com/512/2521/2521768.png', NULL, '2022-10-08 19:10:05', '2022-10-08 19:19:49'),
(30, 'eee', 'test', 2, 64, 'https://cdn-icons-png.flaticon.com/512/2521/2521768.png', NULL, '2022-10-08 19:18:55', '2022-10-08 19:18:55'),
(31, 'eee', 'test', 2, 64, 'https://cdn-icons-png.flaticon.com/512/2521/2521768.png', NULL, '2022-10-13 08:25:05', '2022-10-13 08:25:05'),
(32, 'eee', 'test', 2, 64, 'https://cdn-icons-png.flaticon.com/512/2521/2521768.png', NULL, '2022-10-13 09:24:15', '2022-10-13 09:24:15'),
(33, 'eee', 'test', 2, 64, 'https://cdn-icons-png.flaticon.com/512/2521/2521768.png', NULL, '2022-10-13 09:25:30', '2022-10-13 09:25:30'),
(41, 'eee3', 'test', 2, 64, 'https://cdn-icons-png.flaticon.com/512/2521/2521768.png', NULL, '2022-10-13 09:40:48', '2022-10-13 09:40:48'),
(39, 'eee', 'test', 2, 64, 'https://cdn-icons-png.flaticon.com/512/2521/2521768.png', NULL, '2022-10-13 09:39:54', '2022-10-13 09:39:54'),
(40, 'eee', 'test', 2, 64, 'https://cdn-icons-png.flaticon.com/512/2521/2521768.png', NULL, '2022-10-13 09:40:15', '2022-10-13 09:40:15'),
(36, 'eee', 'test', 2, 64, 'https://cdn-icons-png.flaticon.com/512/2521/2521768.png', NULL, '2022-10-13 09:33:05', '2022-10-13 09:33:05'),
(37, 'eee', 'test', 2, 64, 'https://mobile.nkust.edu.tw/img/nkust-title.png', NULL, '2022-10-13 09:34:26', '2022-10-13 09:34:26'),
(38, 'eee', 'test', 2, 64, 'http://localhost/laravel/my_pingtung_platform/storage/app/public/image/news/q6FciW5ouJOIiORdrNtPHHhmOfZ1hSTlmiL2qbKN.png', NULL, '2022-10-13 09:35:15', '2022-10-13 09:35:15'),
(42, 'eee3', 'test', 2, 64, 'https://cdn-icons-png.flaticon.com/512/2521/2521768.png', NULL, '2022-10-13 09:54:13', '2022-10-13 09:54:13'),
(43, 'eee35', 'test', 2, 64, 'https://cdn-icons-png.flaticon.com/512/2521/2521768.png', NULL, '2022-10-13 09:54:18', '2022-10-13 09:54:18'),
(44, 'eee35', 'test', 2, 64, 'http://localhost/laravel/my_pingtung_platform/storage/app/public/image/news/4LvAM3akmgsLXonH8T1Mf72lX8pibh4jLqsvt1Py.png', NULL, '2022-10-13 09:54:36', '2022-10-13 09:54:36'),
(45, 'eee356', 'test', 2, 64, 'http://localhost/laravel/my_pingtung_platform/storage/app/public/image/news/gw3AxzT5cup49F7GJKWpsXNw8zPMwkzozPSvOM7W.png', NULL, '2022-10-13 09:54:39', '2022-10-13 09:54:39'),
(46, 'app', 'test233', 2, 64, 'http://localhost/laravel/my_pingtung_platform/storage/app/public/image/news/Xq6HgICQjJwApcLqeygyUBSALk6j3XyAhs6HpjOG.png', NULL, '2022-10-13 09:55:49', '2022-10-17 13:27:52'),
(47, 'eee356', 'test', 2, 64, 'http://localhost/laravel/my_pingtung_platform/storage/app/public/image/news/uPbX8JSchAMyGIq6nlkTi6E0PuKcmQkIn2hLhTf8.png', NULL, '2022-10-13 09:55:55', '2022-10-13 09:55:55'),
(48, 'eee356', 'test', 2, 64, 'http://localhost/laravel/my_pingtung_platform/storage/app/public/image/news/J1wbbbZ4TpeMo3ZZfxvGfX9AdOr8dwXfdyjaJc4E.png', NULL, '2022-10-17 13:25:02', '2022-10-17 13:25:02'),
(49, 'eee356', 'test', 2, 64, 'http://localhost/laravel/my_pingtung_platform/storage/app/public/image/news/1pTqeq4jlxJAs8hT9wDbb7NstkID25eEpts8bI43.png', NULL, '2022-10-24 09:46:54', '2022-10-24 09:46:54'),
(50, 'eee356', 'test', 2, 64, 'https://cdn-icons-png.flaticon.com/512/2521/2521768.png', NULL, '2022-10-26 17:51:12', '2022-10-26 17:51:12');

-- --------------------------------------------------------

--
-- 資料表結構 `news_types`
--

DROP TABLE IF EXISTS `news_types`;
CREATE TABLE IF NOT EXISTS `news_types` (
  `id` bigint(20) UNSIGNED NOT NULL AUTO_INCREMENT,
  `type` varchar(191) COLLATE utf8mb4_unicode_ci NOT NULL COMMENT '消息類型',
  `created_at` timestamp NULL DEFAULT NULL,
  `updated_at` timestamp NULL DEFAULT NULL,
  PRIMARY KEY (`id`)
) ENGINE=MyISAM AUTO_INCREMENT=3 DEFAULT CHARSET=utf8mb4 COLLATE=utf8mb4_unicode_ci;

--
-- 傾印資料表的資料 `news_types`
--

INSERT INTO `news_types` (`id`, `type`, `created_at`, `updated_at`) VALUES
(1, '最新消息', '2022-08-16 08:04:29', '2022-08-16 08:04:29'),
(2, '活動消息', '2022-08-16 08:04:29', '2022-08-16 08:04:29');

-- --------------------------------------------------------

--
-- 資料表結構 `password_resets`
--

DROP TABLE IF EXISTS `password_resets`;
CREATE TABLE IF NOT EXISTS `password_resets` (
  `email` varchar(191) COLLATE utf8mb4_unicode_ci NOT NULL,
  `token` varchar(191) COLLATE utf8mb4_unicode_ci NOT NULL,
  `created_at` timestamp NULL DEFAULT NULL,
  KEY `password_resets_email_index` (`email`)
) ENGINE=MyISAM DEFAULT CHARSET=utf8mb4 COLLATE=utf8mb4_unicode_ci;

-- --------------------------------------------------------

--
-- 資料表結構 `personal_access_tokens`
--

DROP TABLE IF EXISTS `personal_access_tokens`;
CREATE TABLE IF NOT EXISTS `personal_access_tokens` (
  `id` bigint(20) UNSIGNED NOT NULL AUTO_INCREMENT,
  `tokenable_type` varchar(191) COLLATE utf8mb4_unicode_ci NOT NULL,
  `tokenable_id` bigint(20) UNSIGNED NOT NULL,
  `name` varchar(191) COLLATE utf8mb4_unicode_ci NOT NULL,
  `token` varchar(64) COLLATE utf8mb4_unicode_ci NOT NULL,
  `abilities` text COLLATE utf8mb4_unicode_ci,
  `last_used_at` timestamp NULL DEFAULT NULL,
  `created_at` timestamp NULL DEFAULT NULL,
  `updated_at` timestamp NULL DEFAULT NULL,
  PRIMARY KEY (`id`),
  UNIQUE KEY `personal_access_tokens_token_unique` (`token`),
  KEY `personal_access_tokens_tokenable_type_tokenable_id_index` (`tokenable_type`,`tokenable_id`)
) ENGINE=MyISAM DEFAULT CHARSET=utf8mb4 COLLATE=utf8mb4_unicode_ci;

-- --------------------------------------------------------

--
-- 資料表結構 `questionnaires`
--

DROP TABLE IF EXISTS `questionnaires`;
CREATE TABLE IF NOT EXISTS `questionnaires` (
  `id` bigint(20) UNSIGNED NOT NULL AUTO_INCREMENT,
  `question` text COLLATE utf8mb4_unicode_ci NOT NULL COMMENT '問題',
  `option` json NOT NULL COMMENT '選項',
  `input_type` enum('text_string','date','radiobox','checkbox') COLLATE utf8mb4_unicode_ci NOT NULL,
  `tips` varchar(191) COLLATE utf8mb4_unicode_ci DEFAULT NULL,
  `created_at` timestamp NULL DEFAULT NULL,
  `updated_at` timestamp NULL DEFAULT NULL,
  PRIMARY KEY (`id`)
) ENGINE=MyISAM AUTO_INCREMENT=29 DEFAULT CHARSET=utf8mb4 COLLATE=utf8mb4_unicode_ci;

--
-- 傾印資料表的資料 `questionnaires`
--

INSERT INTO `questionnaires` (`id`, `question`, `option`, `input_type`, `tips`, `created_at`, `updated_at`) VALUES
(1, '請問您的姓名：', '[]', 'text_string', '', '2022-11-30 19:38:00', '2022-11-30 19:38:00'),
(2, '請問您的身分證字號：', '[]', 'text_string', '', '2022-11-30 19:38:00', '2022-11-30 19:38:00'),
(3, '請問您的出生年月日：', '[]', 'date', '', '2022-11-30 19:38:00', '2022-11-30 19:38:00'),
(4, '請問您的性別：', '[\"男\", \"女\"]', 'radiobox', '', '2022-11-30 19:38:00', '2022-11-30 19:38:00'),
(5, '請問您有無手機：', '[\"有,號碼:\", \"無\"]', 'radiobox', '', '2022-11-30 19:38:00', '2022-11-30 19:38:00'),
(6, '請問您家裡有無市用電話：', '[\"有,號碼:\", \"無\"]', 'radiobox', '', '2022-11-30 19:38:00', '2022-11-30 19:38:00'),
(7, '請問您現在居住於屏東縣哪一鄉鎮？', '[\"屏東市\", \"高樹鄉\", \"鹽埔鄉\", \"竹田鄉\", \"內埔鄉\", \"萬丹鄉\", \"潮州鎮\", \"萬巒鄉\", \"東港鎮\", \"獅子鄉\", \"恆春鎮\", \"其他\"]', 'radiobox', '', '2022-11-30 19:38:00', '2022-11-30 19:38:00'),
(8, '請問您是否具原住民身分？', '[\"無\", \"有\"]', 'radiobox', '', '2022-11-30 19:38:00', '2022-11-30 19:38:00'),
(9, '請問您的族群背景？', '[\"閩南人/漢人\", \"客家人\", \"原住民\", \"其他\"]', 'radiobox', '', '2022-11-30 19:38:00', '2022-11-30 19:38:00'),
(10, '請問您的宗教信仰？', '[\"無\", \"拜拜(一般民間信仰或拜祖先)\", \"佛教\", \"基督教\", \"天主教\", \"一貫道\", \"道教\", \"其他，請說明:\"]', 'radiobox', '', '2022-11-30 19:38:00', '2022-11-30 19:38:00'),
(11, '請問您的最高教育程度？', '[\"不識字\", \"私塾，自學或小學肄業等識字者\", \"小學\", \"國(初)中\", \"高中(職)\", \"專科(五專)\", \"大學(專)學院\", \"研究所(含以上)\"]', 'radiobox', '', '2022-11-30 19:38:00', '2022-11-30 19:38:00'),
(12, '請問您目前的婚姻狀況？', '[\"單身(從未結婚)\", \"已婚同居\", \"離婚或分居\", \"配偶已過世\", \"其他,請說明:\"]', 'radiobox', '', '2022-11-30 19:38:00', '2022-11-30 19:38:00'),
(13, '請問您有與家人同住？', '[\"沒有\", \"有\"]', 'radiobox', '', '2022-11-30 19:38:00', '2022-11-30 19:38:00'),
(14, '請問您現在還有在從事有收入的工作嗎？', '[\"沒有\", \"有\"]', 'radiobox', '', '2022-11-30 19:38:00', '2022-11-30 19:38:00'),
(15, '請問您現在是否有擔任志工？', '[\"沒有\", \"有\"]', 'radiobox', '', '2022-11-30 19:38:00', '2022-11-30 19:38:00'),
(16, '請問您現在有參加相關的社會活動嗎？', '[\"沒有\", \"有\"]', 'radiobox', '※長者參與的社會活動包含：社區照顧關懷據點、文化健康站、社區大學、樂齡學習中心、樂齡大學、部落大學、松年大學、長青學苑、老人會、到教堂禮拜或寺廟拜拜等。', '2022-11-30 19:38:00', '2022-11-30 19:38:00'),
(17, '請問您是否為低收∕中低收入戶？', '[\"不是\", \"是\"]', 'radiobox', '', '2022-11-30 19:38:00', '2022-11-30 19:38:00'),
(18, '請問您目前是否有身心障礙證明？', '[\"不是\", \"是\"]', 'radiobox', '', '2022-11-30 19:38:00', '2022-11-30 19:38:00'),
(19, '請問您的身高:', '[]', 'text_string', '', '2022-11-30 19:38:00', '2022-11-30 19:38:00'),
(20, '請問您的體重:', '[]', 'text_string', '', '2022-11-30 19:38:00', '2022-11-30 19:38:00'),
(21, '請問您目前是每天吸菸、有時吸菸還是都沒有吸菸？', '[\"從來沒抽\", \"以前有，現在沒有\", \"有時吸菸\", \"每天吸菸\"]', 'radiobox', '', '2022-11-30 19:38:00', '2022-11-30 19:38:00'),
(22, '請問您是否有喝酒？', '[\"從來不喝\", \"社交飲酒\", \"規律性飲酒\"]', 'radiobox', '※社交飲酒為「偶爾喝、有朋友來、聚會、有事慶祝等」；規律飲酒為「有習慣喝」。', '2022-11-30 19:38:00', '2022-11-30 19:38:00'),
(23, '請問您是否有慢性疾病史？（可複選）', '[\"沒有\", \"高血壓\", \"糖尿病\", \"高血脂症\", \"心臟病\", \"腦中風\", \"腎臟病\", \"精神疾病\", \"慢性阻塞性肺部疾病（COPD）\", \"癌症\", \"其他\"]', 'checkbox', '', '2022-11-30 19:38:00', '2022-11-30 19:38:00'),
(24, '在過去一個月內，請問您有沒有在運動？', '[\"都沒有運動【請直接送出】\", \"因身體無法運動【請直接送出】\", \"有運動（續答第二十五題）\"]', 'radiobox', '', '2022-11-30 19:38:00', '2022-11-30 19:38:00'),
(25, '在過去一個月內，您平均一個星期做幾天運動？', '[\"每周一天\", \"每周二天\", \"每周三天\", \"每周四天\", \"每周五天\", \"每周六天\", \"每周七天\"]', 'radiobox', '※持續十分鐘以上才算是運動，工作上的勞動不算（例如下田、搬貨或做家務等）。', '2022-11-30 19:38:00', '2022-11-30 19:38:00'),
(26, '每天花多少分鐘運動？', '[\"不知道\", \"平均\"]', 'radiobox', '', '2022-11-30 19:38:00', '2022-11-30 19:38:00'),
(27, '過去一個月內，請問您最常做的是哪一些運動呢？（可複選）', '[\"散步(健走)\", \"騎單車\", \"慢跑\", \"爬山\", \"游泳\", \"體操、舞蹈類運動及傳統武術\", \"球類運動\", \"健身器材\", \"其他\"]', 'checkbox', '', '2022-11-30 19:38:00', '2022-11-30 19:38:00'),
(28, '在過去一個月內，請問您每次運動時會不會流汗？會不會喘？（以最常運動的項目為準）', '[\"很輕鬆，不會喘不會流汗\", \"會流汗，但不會喘\", \"不會流汗，但會喘\", \"會流汗，也會喘\"]', 'radiobox', '', '2022-11-30 19:38:00', '2022-11-30 19:38:00');

-- --------------------------------------------------------

--
-- 資料表結構 `questionnaire_answers`
--

DROP TABLE IF EXISTS `questionnaire_answers`;
CREATE TABLE IF NOT EXISTS `questionnaire_answers` (
  `id` bigint(20) UNSIGNED NOT NULL AUTO_INCREMENT,
  `user_id` bigint(20) UNSIGNED DEFAULT NULL COMMENT '長者ID',
  `answer` json NOT NULL COMMENT '答案',
  `social_worker_id` bigint(20) UNSIGNED NOT NULL DEFAULT '0',
  `created_at` timestamp NULL DEFAULT NULL,
  `updated_at` timestamp NULL DEFAULT NULL,
  PRIMARY KEY (`id`)
) ENGINE=MyISAM AUTO_INCREMENT=49 DEFAULT CHARSET=utf8mb4 COLLATE=utf8mb4_unicode_ci;

--
-- 傾印資料表的資料 `questionnaire_answers`
--

INSERT INTO `questionnaire_answers` (`id`, `user_id`, `answer`, `social_worker_id`, `created_at`, `updated_at`) VALUES
(1, 22, '{\"1\": \"2\", \"2\": \"4\", \"3\": \"5\", \"4\": \"apple\", \"5\": [\"1\", \"2\"]}', 0, '2022-08-09 04:55:33', '2022-08-09 08:02:55'),
(2, 33, '{\"1\": \"2\", \"2\": \"452\"}', 0, '2022-08-09 04:56:48', '2022-08-09 06:51:09'),
(29, 41, '{\"1\": \"7\", \"2\": \"2\", \"3\": \"3\", \"4\": \"1\", \"5\": \"1\", \"6\": \"1\", \"7\": \"1\", \"8\": \"1\", \"9\": \"1\", \"10\": \"1\", \"11\": \"1\", \"12\": \"1\", \"13\": \"1\", \"14\": \"1\", \"15\": \"1\", \"16\": \"2\", \"17\": \"1\", \"18\": \"1\", \"19\": \"1\", \"20\": \"1\", \"21\": \"1\", \"22\": \"2\"}', 0, '2022-09-01 14:54:17', '2022-10-08 18:32:03'),
(23, 11, '{\"1\": \"2\", \"2\": \"4\", \"3\": \"5\", \"4\": \"apple\", \"5\": [\"1\", \"2\"]}', 0, '2022-08-09 09:39:06', '2022-08-09 10:37:27'),
(22, 10, '{\"1\": \"2\", \"2\": \"4\", \"3\": \"5\", \"4\": \"apple\", \"5\": [\"1\", \"2\"]}', 0, '2022-08-09 09:37:04', '2022-08-09 09:37:11'),
(17, 1, '{\"1\": \"2\", \"2\": \"4566\"}', 0, '2022-08-09 06:51:25', '2022-08-09 06:53:50'),
(28, 14, '{\"1\": \"2\", \"2\": \"4\", \"3\": \"5\", \"4\": \"apple\", \"5\": [\"1\", \"2\", \"5\"], \"10\": \"5\", \"15\": \"app\", \"16\": \"5\"}', 0, '2022-08-16 06:38:39', '2022-09-01 14:53:10'),
(19, 25, '{\"1\": \"2\", \"2\": \"4566\"}', 0, '2022-08-09 07:13:43', '2022-08-09 07:13:45'),
(27, 15, '{\"1\": \"2\", \"2\": \"4\", \"3\": \"5\", \"4\": \"apple\", \"5\": [\"1\", \"2\", \"5\"], \"10\": \"5\", \"15\": \"app\", \"16\": \"5\"}', 0, '2022-08-16 06:21:54', '2022-08-16 06:21:58'),
(26, 12, '{\"1\": \"2\", \"2\": \"4\", \"3\": \"5\", \"4\": \"apple\", \"5\": [\"1\", \"2\", \"5\"], \"10\": \"5\", \"15\": \"app\", \"16\": \"5\"}', 0, '2022-08-09 10:39:05', '2022-08-16 06:21:42'),
(30, 26, '{\"1\": \"7\", \"2\": \"2\", \"3\": \"3\", \"4\": \"1\", \"5\": \"1\", \"6\": \"1\", \"7\": \"1\", \"8\": \"1\", \"9\": \"1\", \"10\": \"1\", \"11\": \"1\", \"12\": \"1\", \"13\": \"1\", \"14\": \"1\", \"15\": \"1\", \"16\": \"2\", \"17\": \"1\", \"18\": \"1\", \"19\": \"1\", \"20\": \"1\", \"21\": \"1\", \"22\": \"1\"}', 0, '2022-09-12 07:48:35', '2022-09-14 07:48:35'),
(31, 29, '{\"1\": \"7\", \"2\": \"2\", \"3\": \"3\", \"4\": \"1\", \"5\": \"1\", \"6\": \"1\", \"7\": \"1\", \"8\": \"1\", \"9\": \"1\", \"10\": \"1\", \"11\": \"1\", \"12\": \"1\", \"13\": \"1\", \"14\": \"1\", \"15\": \"1\", \"16\": \"2\", \"17\": \"1\", \"18\": \"1\", \"19\": \"1\", \"20\": \"1\", \"21\": \"1\", \"22\": \"1\"}', 0, '2022-09-12 07:48:35', '2022-09-14 07:48:35'),
(32, 57, '{\"1\": \"7\", \"2\": \"2\", \"3\": \"3\", \"4\": \"1\", \"5\": \"1\", \"6\": \"1\", \"7\": \"1\", \"8\": \"1\", \"9\": \"1\", \"10\": \"1\", \"11\": \"1\", \"12\": \"1\", \"13\": \"1\", \"14\": \"1\", \"15\": \"1\", \"16\": \"2\", \"17\": \"1\", \"18\": \"1\", \"19\": \"1\", \"20\": \"1\", \"21\": \"1\", \"22\": \"1\"}', 0, '2022-09-12 07:48:35', '2022-09-14 07:48:35'),
(33, 58, '{\"1\": \"7\", \"2\": \"2\", \"3\": \"3\", \"4\": \"1\", \"5\": \"1\", \"6\": \"1\", \"7\": \"1\", \"8\": \"1\", \"9\": \"1\", \"10\": \"1\", \"11\": \"1\", \"12\": \"1\", \"13\": \"1\", \"14\": \"1\", \"15\": \"1\", \"16\": \"2\", \"17\": \"1\", \"18\": \"1\", \"19\": \"1\", \"20\": \"1\", \"21\": \"1\", \"22\": \"1\"}', 0, '2022-09-12 07:48:35', '2022-09-14 07:48:35'),
(34, 59, '{\"1\": \"7\", \"2\": \"2\", \"3\": \"3\", \"4\": \"1\", \"5\": \"1\", \"6\": \"1\", \"7\": \"1\", \"8\": \"1\", \"9\": \"1\", \"10\": \"1\", \"11\": \"1\", \"12\": \"1\", \"13\": \"1\", \"14\": \"1\", \"15\": \"1\", \"16\": \"2\", \"17\": \"1\", \"18\": \"1\", \"19\": \"1\", \"20\": \"1\", \"21\": \"1\", \"22\": \"1\"}', 0, '2022-09-12 07:48:35', '2022-09-14 07:48:35'),
(35, 61, '{\"1\": \"7\", \"2\": \"2\", \"3\": \"3\", \"4\": \"1\", \"5\": \"1\", \"6\": \"1\", \"7\": \"1\", \"8\": \"1\", \"9\": \"1\", \"10\": \"1\", \"11\": \"1\", \"12\": \"1\", \"13\": \"1\", \"14\": \"1\", \"15\": \"1\", \"16\": \"2\", \"17\": \"1\", \"18\": \"1\", \"19\": \"1\", \"20\": \"1\", \"21\": \"1\", \"22\": \"1\"}', 0, '2022-09-12 07:48:35', '2022-09-14 07:48:35'),
(36, 67, '{\"1\": \"2\", \"2\": \"4\", \"3\": \"5\", \"4\": \"apple\", \"5\": [\"1\", \"2\", \"5\"], \"10\": \"5\", \"15\": \"app\", \"16\": \"5\"}', 0, '2022-09-27 17:18:20', '2022-09-27 17:18:55'),
(37, 66, '{\"1\": \"7\", \"2\": \"2\", \"3\": \"3\", \"4\": \"1\", \"5\": \"1\", \"6\": \"1\", \"7\": \"1\", \"8\": \"1\", \"9\": \"1\", \"10\": \"1\", \"11\": \"1\", \"12\": \"1\", \"13\": \"1\", \"14\": \"1\", \"15\": \"1\", \"16\": \"2\", \"17\": \"1\", \"18\": \"1\", \"19\": \"1\", \"20\": \"1\", \"21\": \"1\", \"22\": \"1\"}', 0, '2022-09-27 17:19:18', '2022-10-03 15:46:08'),
(38, 64, '{\"1\": \"7\", \"2\": \"2\", \"3\": \"3\", \"4\": \"1\", \"5\": \"1\", \"6\": \"1\", \"7\": \"1\", \"8\": \"1\", \"9\": \"1\", \"10\": \"1\", \"11\": \"1\", \"12\": \"1\", \"13\": \"1\", \"14\": \"1\", \"15\": \"1\", \"16\": \"2\", \"17\": \"1\", \"18\": \"1\", \"19\": \"1\", \"20\": \"1\", \"21\": \"1\", \"22\": \"1\"}', 0, '2022-09-28 16:58:14', '2022-09-28 16:58:14'),
(40, 77, '{\"1\": \"6\", \"2\": \"2\", \"3\": \"3\", \"4\": \"1\", \"5\": \"1\", \"6\": \"1\", \"7\": \"1\", \"8\": \"1\", \"9\": \"1\", \"10\": \"1\", \"11\": \"1\", \"12\": \"1\", \"13\": \"1\", \"14\": \"1\", \"15\": \"1\", \"16\": \"2\", \"17\": \"1\", \"18\": \"1\", \"19\": \"1\", \"20\": \"1\", \"21\": \"1\", \"22\": \"2\"}', 0, '2022-11-15 14:21:28', '2022-11-15 14:21:28'),
(45, 71, '{\"1\": {\"1\": 1, \"2\": 2, \"3\": \"app\"}, \"2\": \"2\", \"3\": \"3\", \"4\": \"1\", \"5\": \"1\", \"6\": \"1\", \"7\": \"1\", \"8\": \"1\", \"9\": \"1\", \"10\": \"1\", \"11\": \"1\", \"12\": \"1\", \"13\": \"1\", \"14\": \"1\", \"15\": \"1\", \"16\": \"2\", \"17\": \"1\", \"18\": \"1\", \"19\": \"1\", \"20\": \"1\", \"21\": \"1\", \"22\": \"2\"}', 66, '2022-11-15 14:25:46', '2022-11-15 14:25:46');

-- --------------------------------------------------------

--
-- 資料表結構 `roles`
--

DROP TABLE IF EXISTS `roles`;
CREATE TABLE IF NOT EXISTS `roles` (
  `id` bigint(20) UNSIGNED NOT NULL AUTO_INCREMENT,
  `name` varchar(191) COLLATE utf8mb4_unicode_ci NOT NULL COMMENT '身份',
  `created_at` timestamp NULL DEFAULT NULL,
  `updated_at` timestamp NULL DEFAULT NULL,
  PRIMARY KEY (`id`)
) ENGINE=MyISAM AUTO_INCREMENT=7 DEFAULT CHARSET=utf8mb4 COLLATE=utf8mb4_unicode_ci;

--
-- 傾印資料表的資料 `roles`
--

INSERT INTO `roles` (`id`, `name`, `created_at`, `updated_at`) VALUES
(1, 'cheif_admin', '2022-08-26 13:29:26', '2022-08-26 13:29:26'),
(2, 'bureau_admin', '2022-08-26 13:29:26', '2022-08-26 13:29:26'),
(3, 'bureau_user', '2022-08-26 13:29:26', '2022-08-26 13:29:26'),
(4, 'director_admin', '2022-08-26 13:29:26', '2022-08-26 13:29:26'),
(5, 'director_user', '2022-08-26 13:29:26', '2022-08-26 13:29:26'),
(6, 'user', '2022-08-26 05:29:26', '2022-08-26 05:29:26');

-- --------------------------------------------------------

--
-- 資料表結構 `scale_answers`
--

DROP TABLE IF EXISTS `scale_answers`;
CREATE TABLE IF NOT EXISTS `scale_answers` (
  `id` bigint(20) UNSIGNED NOT NULL AUTO_INCREMENT,
  `user_id` bigint(20) UNSIGNED DEFAULT NULL COMMENT '長者ID',
  `scale_order_id` bigint(20) UNSIGNED DEFAULT NULL COMMENT '量表主表ID',
  `answer` json NOT NULL COMMENT '答案',
  `social_worker_id` bigint(20) UNSIGNED NOT NULL DEFAULT '0' COMMENT '社工ID',
  `created_at` timestamp NULL DEFAULT NULL,
  `updated_at` timestamp NULL DEFAULT NULL,
  PRIMARY KEY (`id`)
) ENGINE=MyISAM AUTO_INCREMENT=73 DEFAULT CHARSET=utf8mb4 COLLATE=utf8mb4_unicode_ci;

--
-- 傾印資料表的資料 `scale_answers`
--

INSERT INTO `scale_answers` (`id`, `user_id`, `scale_order_id`, `answer`, `social_worker_id`, `created_at`, `updated_at`) VALUES
(23, 22, 2, '{\"1\": \"1\", \"2\": \"2\", \"3\": \"1\", \"4\": \"1\", \"5\": \"1\", \"6\": \"1\", \"7\": \"1\", \"8\": \"1\", \"9\": \"1\", \"10\": \"1\", \"11\": \"1\", \"12\": \"1\", \"13\": \"1\", \"14\": \"1\", \"15\": \"2\"}', 66, '2022-08-10 11:24:56', '2022-08-10 11:24:56'),
(24, 22, 3, '{\"1\": \"1\", \"2\": \"2\", \"3\": \"1\", \"4\": \"1\", \"5\": \"1\", \"6\": \"1\", \"7\": \"1\", \"8\": \"1\", \"9\": \"1\", \"10\": \"1\", \"11\": \"1\", \"12\": \"1\", \"13\": \"1\", \"14\": \"1\", \"15\": \"睡眠\", \"16\": \"錢\"}', 66, '2022-08-10 11:27:05', '2022-08-10 11:27:05'),
(16, 5, 3, '{\"1\": \"1\", \"2\": \"2\", \"3\": \"1\", \"4\": \"1\", \"5\": \"1\", \"6\": \"1\", \"7\": \"1\", \"8\": \"1\", \"9\": \"1\", \"10\": \"1\", \"11\": \"1\", \"12\": \"1\", \"13\": \"1\", \"14\": \"1\", \"15\": \"睡眠\", \"16\": \"錢\"}', 66, '2022-08-09 09:02:57', '2022-08-09 09:02:57'),
(15, 5, 3, '{\"1\": \"1\", \"2\": \"2\", \"3\": \"1\", \"4\": \"1\", \"5\": \"1\", \"6\": \"1\", \"7\": \"1\", \"8\": \"1\", \"9\": \"1\", \"10\": \"1\", \"11\": \"1\", \"12\": \"1\", \"13\": \"1\", \"14\": \"1\", \"15\": \"睡眠\", \"16\": \"錢\"}', 66, '2022-08-09 08:57:03', '2022-08-09 08:57:03'),
(8, 22, 1, '{\"1\": \"1\", \"2\": \"2\", \"3\": \"1\", \"4\": \"1\", \"5\": \"1\", \"6\": \"1\", \"7\": \"1\", \"8\": \"1\"}', 66, '2022-08-09 07:21:48', '2022-08-09 07:21:48'),
(9, 22, 2, '{\"1\": \"1\", \"2\": \"2\", \"3\": \"1\", \"4\": \"1\", \"5\": \"1\", \"6\": \"1\", \"7\": \"1\", \"8\": \"1\", \"9\": \"1\", \"10\": \"1\", \"11\": \"1\", \"12\": \"1\", \"13\": \"1\", \"14\": \"1\", \"15\": \"1\"}', 66, '2022-08-09 07:23:15', '2022-08-09 07:23:15'),
(10, 22, 2, '{\"1\": \"1\", \"2\": \"2\", \"3\": \"1\", \"4\": \"1\", \"5\": \"1\", \"6\": \"1\", \"7\": \"1\", \"8\": \"1\", \"9\": \"1\", \"10\": \"1\", \"11\": \"1\", \"12\": \"1\", \"13\": \"1\", \"14\": \"1\", \"15\": \"1\"}', 66, '2022-08-09 07:23:21', '2022-08-09 07:23:21'),
(11, 22, 3, '{\"1\": \"1\", \"2\": \"2\", \"3\": \"1\", \"4\": \"1\", \"5\": \"1\", \"6\": \"1\", \"7\": \"1\", \"8\": \"1\", \"9\": \"1\", \"10\": \"1\", \"11\": \"1\", \"12\": \"1\", \"13\": \"1\", \"14\": \"1\", \"15\": \"睡眠\", \"16\": \"錢\"}', 66, '2022-08-09 07:29:07', '2022-08-09 07:29:07'),
(12, 33, 3, '{\"1\": \"1\", \"2\": \"2\", \"3\": \"1\", \"4\": \"1\", \"5\": \"1\", \"6\": \"1\", \"7\": \"1\", \"8\": \"1\", \"9\": \"1\", \"10\": \"1\", \"11\": \"1\", \"12\": \"1\", \"13\": \"1\", \"14\": \"1\", \"15\": \"睡眠\", \"16\": \"錢\"}', 66, '2022-08-09 07:29:34', '2022-08-09 07:29:34'),
(13, 33, 3, '{\"1\": \"1\", \"2\": \"2\", \"3\": \"1\", \"4\": \"1\", \"5\": \"1\", \"6\": \"1\", \"7\": \"1\", \"8\": \"1\", \"9\": \"1\", \"10\": \"1\", \"11\": \"1\", \"12\": \"1\", \"13\": \"1\", \"14\": \"1\", \"15\": \"睡眠\", \"16\": \"錢\"}', 66, '2022-08-09 07:29:57', '2022-08-09 07:29:57'),
(14, 22, 3, '{\"1\": \"1\", \"2\": \"2\", \"3\": \"1\", \"4\": \"1\", \"5\": \"1\", \"6\": \"1\", \"7\": \"1\", \"8\": \"1\", \"9\": \"1\", \"10\": \"1\", \"11\": \"1\", \"12\": \"1\", \"13\": \"1\", \"14\": \"1\", \"15\": \"睡眠\", \"16\": \"錢\"}', 66, '2022-08-09 08:07:31', '2022-08-09 08:07:31'),
(19, 5, 3, '{\"1\": \"1\", \"2\": \"2\", \"3\": \"1\", \"4\": \"1\", \"5\": \"1\", \"6\": \"1\", \"7\": \"1\", \"8\": \"1\", \"9\": \"1\", \"10\": \"1\", \"11\": \"1\", \"12\": \"1\", \"13\": \"1\", \"14\": \"1\", \"15\": \"睡眠\", \"16\": \"錢\"}', 66, '2022-08-10 11:07:37', '2022-08-10 11:07:37'),
(22, 5, 3, '{\"1\": \"1\", \"2\": \"2\", \"3\": \"1\", \"4\": \"1\", \"5\": \"1\", \"6\": \"1\", \"7\": \"1\", \"8\": \"1\", \"9\": \"1\", \"10\": \"1\", \"11\": \"1\", \"12\": \"1\", \"13\": \"1\", \"14\": \"1\", \"15\": \"睡眠\", \"16\": \"錢\"}', 66, '2022-08-10 11:12:26', '2022-08-10 11:12:26'),
(21, 5, 1, '{\"1\": \"1\", \"2\": \"2\", \"3\": \"1\", \"4\": \"1\", \"5\": \"1\", \"6\": \"1\", \"7\": \"1\", \"8\": \"1\"}', 66, '2022-08-10 11:10:44', '2022-08-10 11:10:44'),
(25, 22, 3, '{\"1\": \"1\", \"2\": \"2\", \"3\": \"1\", \"4\": \"1\", \"5\": \"1\", \"6\": \"1\", \"7\": \"1\", \"8\": \"1\", \"9\": \"1\", \"10\": \"1\", \"11\": \"1\", \"12\": \"1\", \"13\": \"1\", \"14\": \"1\", \"15\": \"睡眠\", \"16\": \"錢\"}', 66, '2022-08-10 19:47:57', '2022-08-10 19:47:57'),
(26, 22, 2, '{\"1\": \"1\", \"2\": \"2\", \"3\": \"1\", \"4\": \"1\", \"5\": \"1\", \"6\": \"1\", \"7\": \"1\", \"8\": \"1\", \"9\": \"1\", \"10\": \"1\", \"11\": \"1\", \"12\": \"1\", \"13\": \"1\", \"14\": \"1\", \"15\": \"1\"}', 66, '2022-08-10 20:02:55', '2022-08-10 20:02:55'),
(27, 22, 2, '{\"1\": \"1\", \"2\": \"2\", \"3\": \"1\", \"4\": \"1\", \"5\": \"1\", \"6\": \"1\", \"7\": \"1\", \"8\": \"1\", \"9\": \"1\", \"10\": \"1\", \"11\": \"1\", \"12\": \"1\", \"13\": \"1\", \"14\": \"1\", \"15\": \"1\"}', 66, '2022-08-10 20:03:27', '2022-08-10 20:03:27'),
(28, 22, 2, '{\"1\": \"1\", \"2\": \"2\", \"3\": \"1\", \"4\": \"1\", \"5\": \"1\", \"6\": \"1\", \"7\": \"1\", \"8\": \"1\", \"9\": \"1\", \"10\": \"1\", \"11\": \"1\", \"12\": \"1\", \"13\": \"1\", \"14\": \"1\", \"15\": \"1\"}', 66, '2022-08-10 20:03:47', '2022-08-10 20:03:47'),
(29, 22, 2, '{\"1\": \"1\", \"2\": \"2\", \"3\": \"1\", \"4\": \"1\", \"5\": \"1\", \"6\": \"1\", \"7\": \"1\", \"8\": \"1\", \"9\": \"1\", \"10\": \"1\", \"11\": \"1\", \"12\": \"1\", \"13\": \"1\", \"14\": \"1\", \"15\": \"1\"}', 66, '2022-08-30 05:57:49', '2022-08-30 05:57:49'),
(30, 22, 1, '{\"1\": \"1\", \"2\": \"2\", \"3\": \"1\", \"4\": \"1\", \"5\": \"1\", \"6\": \"1\", \"7\": \"1\", \"8\": \"1\"}', 66, '2022-08-30 06:36:34', '2022-08-30 06:36:34'),
(31, 22, 1, '{\"1\": \"1\", \"2\": \"2\", \"3\": \"1\", \"4\": \"1\", \"5\": \"1\", \"6\": \"1\", \"7\": \"1\", \"8\": \"1\"}', 66, '2022-08-30 06:36:44', '2022-08-30 06:36:44'),
(32, 22, 1, '{\"1\": \"1\", \"2\": \"2\", \"3\": \"1\", \"4\": \"1\", \"5\": \"1\", \"6\": \"1\", \"7\": \"1\", \"8\": \"1\"}', 66, '2022-08-30 06:37:24', '2022-08-30 06:37:24'),
(33, 41, 1, '{\"1\": \"1\", \"2\": \"2\", \"3\": \"1\", \"4\": \"1\", \"5\": \"1\", \"6\": \"1\", \"7\": \"1\", \"8\": \"1\"}', 66, '2022-08-30 06:37:38', '2022-08-30 06:37:38'),
(50, 26, 3, '{\"1\": \"1\", \"2\": \"2\", \"3\": \"1\", \"4\": \"1\", \"5\": \"1\", \"6\": \"1\", \"7\": \"1\", \"8\": \"1\", \"9\": \"1\", \"10\": \"1\", \"11\": \"1\", \"12\": \"1\", \"13\": \"1\", \"14\": \"1\", \"15\": \"睡眠\", \"16\": \"錢\"}', 66, NULL, NULL),
(49, 49, 2, '{\"1\": \"1\", \"2\": \"2\", \"3\": \"1\", \"4\": \"1\", \"5\": \"1\", \"6\": \"1\", \"7\": \"1\", \"8\": \"1\", \"9\": \"1\", \"10\": \"1\", \"11\": \"1\", \"12\": \"1\", \"13\": \"1\", \"14\": \"1\", \"15\": \"1\"}', 66, '2022-09-04 23:37:23', '2022-09-12 23:37:23'),
(48, 41, 2, '{\"1\": \"1\", \"2\": \"2\", \"3\": \"1\", \"4\": \"1\", \"5\": \"1\", \"6\": \"1\", \"7\": \"1\", \"8\": \"1\", \"9\": \"1\", \"10\": \"1\", \"11\": \"1\", \"12\": \"1\", \"13\": \"1\", \"14\": \"1\", \"15\": \"1\"}', 66, '2022-09-04 23:37:23', '2022-09-12 23:37:23'),
(47, 40, 2, '{\"1\": \"1\", \"2\": \"2\", \"3\": \"1\", \"4\": \"1\", \"5\": \"1\", \"6\": \"1\", \"7\": \"1\", \"8\": \"1\", \"9\": \"1\", \"10\": \"1\", \"11\": \"1\", \"12\": \"1\", \"13\": \"1\", \"14\": \"1\", \"15\": \"1\"}', 66, '2022-09-04 23:37:23', '2022-09-12 23:37:23'),
(46, 39, 2, '{\"1\": \"1\", \"2\": \"2\", \"3\": \"1\", \"4\": \"1\", \"5\": \"1\", \"6\": \"1\", \"7\": \"1\", \"8\": \"1\", \"9\": \"1\", \"10\": \"1\", \"11\": \"1\", \"12\": \"1\", \"13\": \"1\", \"14\": \"1\", \"15\": \"1\"}', 66, '2022-09-04 23:37:23', '2022-09-12 23:37:23'),
(45, 37, 2, '{\"1\": \"1\", \"2\": \"2\", \"3\": \"1\", \"4\": \"1\", \"5\": \"1\", \"6\": \"1\", \"7\": \"1\", \"8\": \"1\", \"9\": \"1\", \"10\": \"1\", \"11\": \"1\", \"12\": \"1\", \"13\": \"1\", \"14\": \"1\", \"15\": \"1\"}', 66, '2022-09-04 23:37:23', '2022-09-12 23:37:23'),
(44, 36, 2, '{\"1\": \"1\", \"2\": \"2\", \"3\": \"1\", \"4\": \"1\", \"5\": \"1\", \"6\": \"1\", \"7\": \"1\", \"8\": \"1\", \"9\": \"1\", \"10\": \"1\", \"11\": \"1\", \"12\": \"1\", \"13\": \"1\", \"14\": \"1\", \"15\": \"1\"}', 66, '2022-09-04 23:37:23', '2022-09-12 23:37:23'),
(43, 26, 2, '{\"1\": \"1\", \"2\": \"2\", \"3\": \"1\", \"4\": \"1\", \"5\": \"1\", \"6\": \"1\", \"7\": \"1\", \"8\": \"1\", \"9\": \"1\", \"10\": \"1\", \"11\": \"1\", \"12\": \"1\", \"13\": \"1\", \"14\": \"1\", \"15\": \"1\"}', 66, '2022-09-04 23:37:23', '2022-09-12 23:37:23'),
(42, 26, 2, '{\"1\": \"1\", \"2\": \"2\", \"3\": \"1\", \"4\": \"1\", \"5\": \"1\", \"6\": \"1\", \"7\": \"1\", \"8\": \"1\", \"9\": \"1\", \"10\": \"1\", \"11\": \"1\", \"12\": \"1\", \"13\": \"1\", \"14\": \"1\", \"15\": \"1\"}', 66, '2022-09-04 23:37:23', '2022-09-12 23:37:23'),
(41, 35, 1, '{\"1\": \"1\", \"2\": \"2\", \"3\": \"1\", \"4\": \"1\", \"5\": \"1\", \"6\": \"1\", \"7\": \"1\", \"8\": \"1\"}', 66, '2022-08-31 21:36:36', '2022-09-08 21:36:36'),
(40, 31, 1, '{\"1\": \"1\", \"2\": \"2\", \"3\": \"1\", \"4\": \"1\", \"5\": \"1\", \"6\": \"1\", \"7\": \"1\", \"8\": \"1\"}', 66, '2022-08-31 21:36:36', '2022-09-08 21:36:36'),
(39, 30, 1, '{\"1\": \"1\", \"2\": \"2\", \"3\": \"1\", \"4\": \"1\", \"5\": \"1\", \"6\": \"1\", \"7\": \"1\", \"8\": \"1\"}', 66, '2022-08-31 21:36:36', '2022-09-08 21:36:36'),
(38, 29, 1, '{\"1\": \"1\", \"2\": \"2\", \"3\": \"1\", \"4\": \"1\", \"5\": \"1\", \"6\": \"1\", \"7\": \"1\", \"8\": \"1\"}', 66, '2022-08-31 21:36:36', '2022-09-08 21:36:36'),
(37, 28, 1, '{\"1\": \"1\", \"2\": \"2\", \"3\": \"1\", \"4\": \"1\", \"5\": \"1\", \"6\": \"1\", \"7\": \"1\", \"8\": \"1\"}', 66, '2022-08-31 21:36:36', '2022-09-08 21:36:36'),
(36, 27, 1, '{\"1\": \"1\", \"2\": \"2\", \"3\": \"1\", \"4\": \"1\", \"5\": \"1\", \"6\": \"1\", \"7\": \"1\", \"8\": \"1\"}', 66, '2022-08-31 21:36:36', '2022-09-08 21:36:36'),
(35, 26, 1, '{\"1\": \"1\", \"2\": \"2\", \"3\": \"1\", \"4\": \"1\", \"5\": \"1\", \"6\": \"1\", \"7\": \"1\", \"8\": \"1\"}', 66, '2022-08-31 21:36:36', '2022-09-08 21:36:36'),
(34, 26, 1, '{\"1\": \"1\", \"2\": \"2\", \"3\": \"1\", \"4\": \"1\", \"5\": \"1\", \"6\": \"1\", \"7\": \"1\", \"8\": \"1\"}', 66, '2022-08-31 21:36:36', '2022-09-08 21:36:36'),
(51, 26, 3, '{\"1\": \"1\", \"2\": \"2\", \"3\": \"1\", \"4\": \"1\", \"5\": \"1\", \"6\": \"1\", \"7\": \"1\", \"8\": \"1\", \"9\": \"1\", \"10\": \"1\", \"11\": \"1\", \"12\": \"1\", \"13\": \"1\", \"14\": \"1\", \"15\": \"睡眠\", \"16\": \"錢\"}', 66, NULL, NULL),
(52, 50, 3, '{\"1\": \"1\", \"2\": \"2\", \"3\": \"1\", \"4\": \"1\", \"5\": \"1\", \"6\": \"1\", \"7\": \"1\", \"8\": \"1\", \"9\": \"1\", \"10\": \"1\", \"11\": \"1\", \"12\": \"1\", \"13\": \"1\", \"14\": \"1\", \"15\": \"睡眠\", \"16\": \"錢\"}', 66, NULL, NULL),
(53, 51, 3, '{\"1\": \"1\", \"2\": \"2\", \"3\": \"1\", \"4\": \"1\", \"5\": \"1\", \"6\": \"1\", \"7\": \"1\", \"8\": \"1\", \"9\": \"1\", \"10\": \"1\", \"11\": \"1\", \"12\": \"1\", \"13\": \"1\", \"14\": \"1\", \"15\": \"睡眠\", \"16\": \"錢\"}', 66, NULL, NULL),
(54, 54, 3, '{\"1\": \"1\", \"2\": \"2\", \"3\": \"1\", \"4\": \"1\", \"5\": \"1\", \"6\": \"1\", \"7\": \"1\", \"8\": \"1\", \"9\": \"1\", \"10\": \"1\", \"11\": \"1\", \"12\": \"1\", \"13\": \"1\", \"14\": \"1\", \"15\": \"睡眠\", \"16\": \"錢\"}', 66, NULL, NULL),
(55, 55, 3, '{\"1\": \"1\", \"2\": \"2\", \"3\": \"1\", \"4\": \"1\", \"5\": \"1\", \"6\": \"1\", \"7\": \"1\", \"8\": \"1\", \"9\": \"1\", \"10\": \"1\", \"11\": \"1\", \"12\": \"1\", \"13\": \"1\", \"14\": \"1\", \"15\": \"睡眠\", \"16\": \"錢\"}', 66, NULL, NULL),
(56, 56, 3, '{\"1\": \"1\", \"2\": \"2\", \"3\": \"1\", \"4\": \"1\", \"5\": \"1\", \"6\": \"1\", \"7\": \"1\", \"8\": \"1\", \"9\": \"1\", \"10\": \"1\", \"11\": \"1\", \"12\": \"1\", \"13\": \"1\", \"14\": \"1\", \"15\": \"睡眠\", \"16\": \"錢\"}', 66, NULL, NULL),
(57, 22, 1, '{\"1\": \"1\", \"2\": \"2\", \"3\": \"1\", \"4\": \"1\", \"5\": \"1\", \"6\": \"1\", \"7\": \"1\", \"8\": \"1\"}', 66, '2022-09-27 02:03:10', '2022-09-27 02:03:10'),
(58, 22, 1, '{\"1\": \"1\", \"2\": \"2\", \"3\": \"1\", \"4\": \"1\", \"5\": \"1\", \"6\": \"1\", \"7\": \"1\", \"8\": \"1\"}', 66, '2022-09-27 02:04:23', '2022-09-27 02:04:23'),
(59, 66, 1, '{\"1\": \"1\", \"2\": \"2\", \"3\": \"1\", \"4\": \"1\", \"5\": \"1\", \"6\": \"1\", \"7\": \"1\", \"8\": \"1\"}', 66, '2022-09-27 09:31:42', '2022-09-27 09:31:42'),
(60, 66, 1, '{\"1\": \"1\", \"2\": \"2\", \"3\": \"1\", \"4\": \"1\", \"5\": \"1\", \"6\": \"1\", \"7\": \"1\", \"8\": \"1\"}', 66, '2022-09-27 09:31:44', '2022-09-27 09:31:44'),
(61, 67, 2, '{\"1\": \"1\", \"2\": \"2\", \"3\": \"1\", \"4\": \"1\", \"5\": \"1\", \"6\": \"1\", \"7\": \"1\", \"8\": \"1\", \"9\": \"1\", \"10\": \"1\", \"11\": \"1\", \"12\": \"1\", \"13\": \"1\", \"14\": \"1\", \"15\": \"1\"}', 66, '2022-09-27 10:05:51', '2022-09-27 10:05:51'),
(62, 30, 2, '{\"1\": \"1\", \"2\": \"2\", \"3\": \"1\", \"4\": \"1\", \"5\": \"1\", \"6\": \"1\", \"7\": \"1\", \"8\": \"1\", \"9\": \"1\", \"10\": \"1\", \"11\": \"1\", \"12\": \"1\", \"13\": \"1\", \"14\": \"1\", \"15\": \"1\"}', 66, '2022-10-03 07:27:26', '2022-10-03 07:27:26'),
(63, 30, 2, '{\"1\": \"1\", \"2\": \"2\", \"3\": \"1\", \"4\": \"1\", \"5\": \"1\", \"6\": \"1\", \"7\": \"1\", \"8\": \"1\", \"9\": \"1\", \"10\": \"1\", \"11\": \"1\", \"12\": \"1\", \"13\": \"1\", \"14\": \"1\", \"15\": \"1\"}', 66, '2022-10-03 07:27:56', '2022-10-03 07:27:56'),
(64, 67, 2, '{\"1\": \"1\", \"2\": \"2\", \"3\": \"1\", \"4\": \"1\", \"5\": \"1\", \"6\": \"1\", \"7\": \"1\", \"8\": \"1\", \"9\": \"1\", \"10\": \"1\", \"11\": \"1\", \"12\": \"1\", \"13\": \"1\", \"14\": \"1\", \"15\": \"1\"}', 66, '2022-10-03 07:37:06', '2022-10-03 07:37:06'),
(65, 66, 2, '{\"1\": \"1\", \"2\": \"2\", \"3\": \"1\", \"4\": \"1\", \"5\": \"1\", \"6\": \"1\", \"7\": \"1\", \"8\": \"1\", \"9\": \"1\", \"10\": \"1\", \"11\": \"1\", \"12\": \"1\", \"13\": \"1\", \"14\": \"1\", \"15\": \"1\"}', 66, '2022-10-03 07:37:11', '2022-10-03 07:37:11'),
(66, 67, 2, '{\"1\": \"1\", \"2\": \"2\", \"3\": \"1\", \"4\": \"1\", \"5\": \"1\", \"6\": \"1\", \"7\": \"1\", \"8\": \"1\", \"9\": \"1\", \"10\": \"1\", \"11\": \"1\", \"12\": \"1\", \"13\": \"1\", \"14\": \"1\", \"15\": \"1\"}', 66, '2022-10-03 07:43:40', '2022-10-03 07:43:40'),
(70, 71, 2, '{\"1\": \"1\", \"2\": \"2\", \"3\": \"1\", \"4\": \"1\", \"5\": \"1\", \"6\": \"1\", \"7\": \"1\", \"8\": \"1\", \"9\": \"1\", \"10\": \"1\", \"11\": \"1\", \"12\": \"1\", \"13\": \"1\", \"14\": \"1\", \"15\": \"睡眠\", \"16\": \"錢\"}', 66, '2022-10-27 11:51:17', '2022-10-27 11:51:17'),
(69, 71, 2, '{\"1\": \"1\", \"2\": \"2\", \"3\": \"1\", \"4\": \"1\", \"5\": \"1\", \"6\": \"1\", \"7\": \"1\", \"8\": \"1\", \"9\": \"1\", \"10\": \"1\", \"11\": \"1\", \"12\": \"1\", \"13\": \"1\", \"14\": \"1\", \"15\": \"睡眠\", \"16\": \"錢\"}', 66, '2022-10-26 17:44:56', '2022-10-26 17:44:56'),
(71, 71, 2, '{\"1\": \"1\", \"2\": \"2\", \"3\": \"1\", \"4\": \"1\", \"5\": \"1\", \"6\": \"1\", \"7\": \"1\", \"8\": \"1\", \"9\": \"1\", \"10\": \"1\", \"11\": \"1\", \"12\": \"1\", \"13\": \"1\", \"14\": \"1\", \"15\": \"睡眠\", \"16\": \"錢\"}', 66, '2022-10-27 12:00:31', '2022-10-27 12:00:31'),
(72, 71, 2, '{\"1\": \"1\", \"2\": \"2\", \"3\": \"1\", \"4\": \"1\", \"5\": \"1\", \"6\": \"1\", \"7\": \"1\", \"8\": \"1\", \"9\": \"1\", \"10\": \"1\", \"11\": \"1\", \"12\": \"1\", \"13\": \"1\", \"14\": \"1\", \"15\": \"睡眠\", \"16\": \"錢\"}', 66, '2022-11-15 14:17:59', '2022-11-15 14:17:59');

-- --------------------------------------------------------

--
-- 資料表結構 `scale_details`
--

DROP TABLE IF EXISTS `scale_details`;
CREATE TABLE IF NOT EXISTS `scale_details` (
  `id` bigint(20) UNSIGNED NOT NULL AUTO_INCREMENT,
  `scale_order_id` bigint(20) UNSIGNED NOT NULL COMMENT '量表主表ID',
  `question` text COLLATE utf8mb4_unicode_ci NOT NULL COMMENT '量表問題',
  `option` json NOT NULL COMMENT '選項',
  `input_type` enum('text_string','date','radiobox','checkbox') COLLATE utf8mb4_unicode_ci NOT NULL,
  `tips` varchar(191) COLLATE utf8mb4_unicode_ci DEFAULT NULL,
  `created_at` timestamp NULL DEFAULT NULL,
  `updated_at` timestamp NULL DEFAULT NULL,
  PRIMARY KEY (`id`)
) ENGINE=MyISAM AUTO_INCREMENT=40 DEFAULT CHARSET=utf8mb4 COLLATE=utf8mb4_unicode_ci;

--
-- 傾印資料表的資料 `scale_details`
--

INSERT INTO `scale_details` (`id`, `scale_order_id`, `question`, `option`, `input_type`, `tips`, `created_at`, `updated_at`) VALUES
(1, 1, '1.如果您在07:59起床時發現您08:00時與人有重要約會，您該怎麼辦? ※請依據長者的回應，觀察有無出現判斷力上的困難。', '[\"有改變\", \"不是,沒有改變\", \"不知道\"]', 'radiobox', '', '2022-11-30 19:38:40', '2022-11-30 19:38:40'),
(2, 1, '2.您以前常做的事（例如：逛街、下棋、打牌、看電視連續劇或是政論節目等活動），現在是否越來越少做了？', '[\"有改變\", \"不是,沒有改變\", \"不知道\"]', 'radiobox', ' ※請依據長者的回應，觀察有無出現對活動和嗜好的興趣降低。', '2022-11-30 19:38:40', '2022-11-30 19:38:40'),
(3, 1, '3.有沒有人說您最近會重覆說同樣的事情？', '[\"有改變\", \"不是,沒有改變\", \"不知道\"]', 'radiobox', '※請依據長者的回應，觀察有無出現重複相同的問題、故事和陳述。', '2022-11-30 19:38:40', '2022-11-30 19:38:40'),
(4, 1, '4.請在二題選項中選一題，詢問長者： (1)您現在看電視時可以使用遙控器轉台嗎？ (2)您現在會用洗衣機洗衣服或是微波爐熱食物嗎？', '[\"有改變\", \"不是,沒有改變\", \"不知道\"]', 'radiobox', '※若表示均不用上述工具，請進一步詢問是否是因不會使用而不使用？ ※請依據長者的回應，觀察有無出現對於學習工具、設備有困難。', '2022-11-30 19:38:40', '2022-11-30 19:38:40'),
(5, 1, '5.今天是民國幾年幾月（幾日）？', '[\"有改變\", \"不是,沒有改變\", \"不知道\"]', 'radiobox', '※至少要正確回應幾年幾月，若長者答不出確切幾日，圈選「0」。※請依據長者的回應，觀察有無出現會忘記正確的年份和月份。', '2022-11-30 19:38:40', '2022-11-30 19:38:40'),
(6, 1, '6.請在二題選項中選一題，詢問長者： (1)如果您帶1000元到市場買東西，一共花了265元，還剩下多少錢? 以及「100+7等於多少」或「20-3等於多少? (2)您現在可不可以自己去銀行提款、繳費、上街買東西？', '[\"有改變\", \"不是,沒有改變\", \"不知道\"]', 'radiobox', '※請依據長者的回應，觀察有無出現在處理複雜的財務上有困難。 ※請先詢問長者有無上街買東西，再詢問(100-7)、(20-3)兩題算數題，以算數答案的正確性，為判別有無改變的依據。', '2022-11-30 19:38:40', '2022-11-30 19:38:40'),
(7, 1, '7.偶爾會忘了和別人約定的時間或該去的地方（例如：與老朋友有約，或是忘記去教堂）？', '[\"有改變\", \"不是,沒有改變\", \"不知道\"]', 'radiobox', '※請依據長者的回應，觀察有無出現記住約會的時間有困難。', '2022-11-30 19:38:40', '2022-11-30 19:38:40'),
(8, 1, '8.您會不會常找不到貴重東西（如錢或重要證件）或覺得東西不見？', '[\"有改變\", \"不是,沒有改變\", \"不知道\"]', 'radiobox', '※請依據長者的回應，觀察有無出現有持續的思考和記憶方面的問題。', '2022-11-30 19:38:40', '2022-11-30 19:38:40'),
(9, 2, '1.基本上，您對您的生活滿意嗎？', '[\"是\", \"否\"]', 'radiobox', '', '2022-11-30 19:38:40', '2022-11-30 19:38:40'),
(10, 2, '2.您是否減少很多的活動和興趣的事？ ', '[\"是\", \"否\"]', 'radiobox', '', '2022-11-30 19:38:40', '2022-11-30 19:38:40'),
(11, 2, '3.您是否覺得您的生活很空虛？ ', '[\"是\", \"否\"]', 'radiobox', '', '2022-11-30 19:38:40', '2022-11-30 19:38:40'),
(12, 2, '4.您是否常常感到厭煩？', '[\"是\", \"否\"]', 'radiobox', '', '2022-11-30 19:38:40', '2022-11-30 19:38:40'),
(13, 2, '5.您是否大部份時間精神都很好 ？ ', '[\"是\", \"否\"]', 'radiobox', '', '2022-11-30 19:38:40', '2022-11-30 19:38:40'),
(14, 2, '6.您是否害怕將有不幸的事情發生在您身上嗎？', '[\"是\", \"否\"]', 'radiobox', '', '2022-11-30 19:38:40', '2022-11-30 19:38:40'),
(15, 2, '7.您是否大部份的時間都感到快樂？', '[\"是\", \"否\"]', 'radiobox', '', '2022-11-30 19:38:40', '2022-11-30 19:38:40'),
(16, 2, '8.您是否常常感到無論做什麼事，都沒有用？', '[\"是\", \"否\"]', 'radiobox', '', '2022-11-30 19:38:40', '2022-11-30 19:38:40'),
(17, 2, '9.您是否比較喜歡待在家裡而較不喜歡外出及不喜歡做新的事？', '[\"是\", \"否\"]', 'radiobox', '', '2022-11-30 19:38:40', '2022-11-30 19:38:40'),
(18, 2, '10.您是否覺得現在有記憶力不好的困擾？', '[\"是\", \"否\"]', 'radiobox', '', '2022-11-30 19:38:40', '2022-11-30 19:38:40'),
(19, 2, '11.您是否覺得現在還能活著是很好的事？', '[\"是\", \"否\"]', 'radiobox', '', '2022-11-30 19:38:40', '2022-11-30 19:38:40'),
(20, 2, '12.您是否感覺您現在活得很沒有價值？', '[\"是\", \"否\"]', 'radiobox', '', '2022-11-30 19:38:40', '2022-11-30 19:38:40'),
(21, 2, '13.您是否覺得精力很充沛？', '[\"是\", \"否\"]', 'radiobox', '', '2022-11-30 19:38:40', '2022-11-30 19:38:40'),
(22, 2, '14.您是否覺得您現在的情況是沒有希望的？', '[\"是\", \"否\"]', 'radiobox', '', '2022-11-30 19:38:40', '2022-11-30 19:38:40'),
(23, 2, '15.您是否覺得大部份的人都比您幸福？', '[\"是\", \"否\"]', 'radiobox', '', '2022-11-30 19:38:40', '2022-11-30 19:38:40'),
(24, 3, '1-1.記憶力:說出三項物品(鉛筆、汽車、書)，請長者重複，並記住。第3題後再詢問一次。', '[\"是\", \"否\"]', 'radiobox', '', '2022-11-30 19:38:40', '2022-11-30 19:38:40'),
(25, 3, '1-2.定向力：詢問長者「今天的日期？」（含年月日），長者回答是否正確？', '[\"是\", \"否\"]', 'radiobox', '', '2022-11-30 19:38:40', '2022-11-30 19:38:40'),
(26, 3, '1-3.定向力：詢問長者「您現在在哪裡？」，長者回答是否正確？', '[\"是\", \"否\"]', 'radiobox', '※完成第二題及第三題後，請再次詢問長者，第1題記憶力的3項物品。', '2022-11-30 19:38:40', '2022-11-30 19:38:40'),
(27, 3, '2-1.椅子起身測試:12秒內，可以雙手抱胸，連續起立坐下 5 次。', '[\"是\", \"否\"]', 'radiobox', '※請訪員先示範動作給長者看，並把計時用具準備好。', '2022-11-30 19:38:40', '2022-11-30 19:38:40'),
(28, 3, '3-1.過去三個月，您的體重是否在無意中減輕了 3 公斤以上？', '[\"是\", \"否\"]', 'radiobox', '※若長者表示不清楚，可以進一步請他回想衣服、褲頭是否有變得較為寬鬆？', '2022-11-30 19:38:40', '2022-11-30 19:38:40'),
(29, 3, '3-2.過去三個月，您是否曾經食慾不振？', '[\"是\", \"否\"]', 'radiobox', '', '2022-11-30 19:38:40', '2022-11-30 19:38:40'),
(30, 3, '4-1.您的眼睛看遠、看近或閱讀是否有困難？', '[\"是\", \"否\"]', 'radiobox', '', '2022-11-30 19:38:40', '2022-11-30 19:38:40'),
(31, 3, '4-2.你過去一年是否有「曾」接受眼睛檢查？', '[\"是\", \"否\"]', 'radiobox', '', '2022-11-30 19:38:40', '2022-11-30 19:38:40'),
(32, 3, '5-1.請跟著我唸 6、1、9。 ', '[\"是\", \"否\"]', 'radiobox', '※請訪員用氣音測試，若長者未能正確複誦，再測一次2、5、7，仍未能正確複誦，即圈選「否」。 ※請訪員站在長者面前一個手臂距離，先測試右耳、再測試左耳。（任一耳聽不清楚，即可結束測試，圈選「否」。）', '2022-11-30 19:38:40', '2022-11-30 19:38:40'),
(33, 3, '6-1.過去兩週，您是否常感到厭煩（心煩或台語「阿雜」）或沒有希望？', '[\"是\", \"否\"]', 'radiobox', '※詢問長者是否常感到憂鬱／心情低落的情緒。', '2022-11-30 19:38:40', '2022-11-30 19:38:40'),
(34, 3, '6-2.過去兩週，您是否減少很多的活動和興趣的事？', '[\"是\", \"否\"]', 'radiobox', '', '2022-11-30 19:38:40', '2022-11-30 19:38:40'),
(35, 3, '7-1.您每天使用的藥物是否10種(含)以上(包含中藥)?(保健食品不包含在內)', '[\"是\", \"否\"]', 'radiobox', '※詢問長者一天吃幾次藥，每次藥量為幾顆?若加總超過10顆藥，圈選「是」。', '2022-11-30 19:38:40', '2022-11-30 19:38:40'),
(36, 3, '7-2.您服用的藥品是否包含止痛藥、幫助睡眠用藥等？', '[\"是\", \"否\"]', 'radiobox', '', '2022-11-30 19:38:40', '2022-11-30 19:38:40'),
(37, 3, '7-3.您是否因為服用藥品而發生平衡感改變、睏倦、眩暈、低血壓或口乾舌燥等症狀？', '[\"是\", \"否\"]', 'radiobox', '', '2022-11-30 19:38:40', '2022-11-30 19:38:40'),
(38, 3, '8-1.現在最困擾您的健康問題是什麼？（簡述長者最困擾的一項健康問題） 請說明：', '[]', 'text_string', '', '2022-11-30 19:38:40', '2022-11-30 19:38:40'),
(39, 3, '8-2.您最擔心這個健康問題影響到生活上的什麼事？（簡述長者最擔心的一項事情） 請說明：', '[]', 'text_string', '', '2022-11-30 19:38:40', '2022-11-30 19:38:40');

-- --------------------------------------------------------

--
-- 資料表結構 `scale_orders`
--

DROP TABLE IF EXISTS `scale_orders`;
CREATE TABLE IF NOT EXISTS `scale_orders` (
  `id` bigint(20) UNSIGNED NOT NULL AUTO_INCREMENT,
  `name` varchar(191) COLLATE utf8mb4_unicode_ci NOT NULL,
  `created_at` timestamp NULL DEFAULT NULL,
  `updated_at` timestamp NULL DEFAULT NULL,
  PRIMARY KEY (`id`)
) ENGINE=MyISAM AUTO_INCREMENT=4 DEFAULT CHARSET=utf8mb4 COLLATE=utf8mb4_unicode_ci;

--
-- 傾印資料表的資料 `scale_orders`
--

INSERT INTO `scale_orders` (`id`, `name`, `created_at`, `updated_at`) VALUES
(1, '極早期失智症量表 (AD8)', '2022-08-09 15:12:43', '2022-08-09 15:12:43'),
(2, '老人憂鬱量表 (GDS-15) Geriatric Depression Scale', '2022-08-09 15:12:43', '2022-08-09 15:12:43'),
(3, '長者功能評估量表 (ICOPE) Integrated Care for Older People', '2022-08-09 15:12:43', '2022-08-09 15:12:43');

-- --------------------------------------------------------

--
-- 資料表結構 `users`
--

DROP TABLE IF EXISTS `users`;
CREATE TABLE IF NOT EXISTS `users` (
  `id` bigint(20) UNSIGNED NOT NULL AUTO_INCREMENT,
  `name` varchar(191) COLLATE utf8mb4_unicode_ci NOT NULL,
  `email` varchar(191) COLLATE utf8mb4_unicode_ci NOT NULL,
  `ID_num` varchar(10) COLLATE utf8mb4_unicode_ci NOT NULL COMMENT '身分證字號',
  `gender` enum('男','女','其他') COLLATE utf8mb4_unicode_ci NOT NULL COMMENT '性別',
  `birth` date NOT NULL COMMENT '生日',
  `address_1` varchar(60) COLLATE utf8mb4_unicode_ci NOT NULL COMMENT '聯絡住址',
  `address_2` varchar(60) COLLATE utf8mb4_unicode_ci DEFAULT NULL COMMENT '戶籍住址',
  `phone` varchar(14) COLLATE utf8mb4_unicode_ci NOT NULL COMMENT '手機號碼',
  `TEL` varchar(11) COLLATE utf8mb4_unicode_ci DEFAULT NULL COMMENT '電話號碼',
  `bureau_id` bigint(20) UNSIGNED NOT NULL DEFAULT '0' COMMENT '單位',
  `social_worker_id` bigint(20) NOT NULL DEFAULT '0' COMMENT '社工ID',
  `email_verified_at` timestamp NULL DEFAULT NULL,
  `password` varchar(191) COLLATE utf8mb4_unicode_ci NOT NULL,
  `img_url` varchar(191) COLLATE utf8mb4_unicode_ci NOT NULL DEFAULT 'https://cdn-icons-png.flaticon.com/512/2521/2521768.png' COMMENT '頭貼網址',
  `remember_token` varchar(100) COLLATE utf8mb4_unicode_ci DEFAULT NULL,
  `created_at` timestamp NULL DEFAULT NULL,
  `updated_at` timestamp NULL DEFAULT NULL,
  `deleted_at` timestamp NULL DEFAULT NULL,
  PRIMARY KEY (`id`),
  UNIQUE KEY `users_email_unique` (`email`),
  UNIQUE KEY `users_id_num_unique` (`ID_num`)
) ENGINE=MyISAM AUTO_INCREMENT=86 DEFAULT CHARSET=utf8mb4 COLLATE=utf8mb4_unicode_ci;

--
-- 傾印資料表的資料 `users`
--

INSERT INTO `users` (`id`, `name`, `email`, `ID_num`, `gender`, `birth`, `address_1`, `address_2`, `phone`, `TEL`, `bureau_id`, `social_worker_id`, `email_verified_at`, `password`, `img_url`, `remember_token`, `created_at`, `updated_at`, `deleted_at`) VALUES
(1, '袁胤儀', 'bschmitt@example.com', 'T286038563', '女', '1925-12-06', '屏東縣屏東市民生東路135巷25號', '屏東縣屏東市民生東路135巷25號', '0924985411', '08-1158505', 1, 0, '2022-07-04 22:26:33', '$2y$10$92IXUNpkjO0rOQ5byMi.Ye4oKoEa3Ro9llC/.og/at2.uheWG/igi', 'https://cdn-icons-png.flaticon.com/512/2521/2521768.png', 'jlOF7cHgrI', '2022-07-04 22:26:33', '2022-09-22 09:15:09', NULL),
(2, '蘇佳穎', 'hyatt.samson@example.org', 'T233783273', '女', '1943-05-21', '屏東縣潮州鎮潮義路133巷12號3樓', '屏東縣潮州鎮潮義路133巷12號3樓', '0941214611', '05-5453020', 2, 0, '2022-07-04 22:26:33', '$2y$10$92IXUNpkjO0rOQ5byMi.Ye4oKoEa3Ro9llC/.og/at2.uheWG/igi', 'https://cdn-icons-png.flaticon.com/512/2521/2521768.png', 'bqv9yXe6NB', '2022-07-04 22:26:33', '2022-10-08 11:37:20', NULL),
(3, '張怡香', 'dhahn@example.com', 'T105057533', '男', '1946-01-31', '屏東縣屏東市永大路71巷4號', '屏東縣屏東市永大路71巷4號', '0999094338', '07-9104966', 21, 0, '2022-07-04 22:26:33', '$2y$10$92IXUNpkjO0rOQ5byMi.Ye4oKoEa3Ro9llC/.og/at2.uheWG/igi', 'https://cdn-icons-png.flaticon.com/512/2521/2521768.png', 'wY6CCeCRKP', '2022-07-04 22:26:33', '2022-10-08 11:37:58', NULL),
(4, '陳昱苓', 'kamille74@example.com', 'T104115793', '男', '1927-08-13', '屏東縣九如鄉東寧路126巷2號4樓\n', '屏東縣九如鄉東寧路126巷2號4樓\n', '0964084973', '00-5262667', 3, 0, '2022-07-04 22:27:21', '$2y$10$92IXUNpkjO0rOQ5byMi.Ye4oKoEa3Ro9llC/.og/at2.uheWG/igi', 'https://cdn-icons-png.flaticon.com/512/2521/2521768.png', 'J0KSn2aymH', '2022-07-04 22:27:21', '2022-10-08 12:30:23', NULL),
(5, '林子全', 'amina97@example.org', 'T236338462', '女', '1936-11-02', '屏東縣萬巒鄉佳興路143號', '屏東縣萬巒鄉佳興路143號', '0948861341', '08-1797195', 3, 0, '2022-07-04 22:27:43', '$2y$10$92IXUNpkjO0rOQ5byMi.Ye4oKoEa3Ro9llC/.og/at2.uheWG/igi', 'https://cdn-icons-png.flaticon.com/512/2521/2521768.png', 'asH9zudncW', '2022-07-04 22:27:43', '2022-08-01 05:31:18', NULL),
(6, '蘇佳玲', 'aa@yahoo.com', 'T210647801', '女', '1935-01-16', '屏東縣林邊鄉中林路95巷18號', '屏東縣林邊鄉中林路95巷18號', '0900', '0001', 2, 0, '2022-07-04 22:27:43', '$2y$10$92IXUNpkjO0rOQ5byMi.Ye4oKoEa3Ro9llC/.og/at2.uheWG/igi', 'https://cdn-icons-png.flaticon.com/512/2521/2521768.png', 'xThKMWfvft', '2022-07-04 22:27:43', '2022-08-01 02:30:14', NULL),
(37, '許哲湖', 'kk@ya.com.tw.tw', 'T126947519', '男', '1957-07-31', '屏東縣恆春鎮省北路135巷7號', '屏東縣恆春鎮省北路135巷7號', '0921683486', '07-35200000', 4, 66, NULL, '1234', 'https://cdn-icons-png.flaticon.com/512/2521/2521768.png', NULL, '2022-08-02 05:00:17', '2022-10-12 23:16:48', NULL),
(7, '袁常佩', 'nolan.kenny@example.com', 'T293019282', '女', '1919-04-02', '屏東縣屏東市崇朝一路271號', '屏東縣屏東市崇朝一路271號', '0979706111', '08-2982220', 1, 0, '2022-07-04 22:27:43', '$2y$10$92IXUNpkjO0rOQ5byMi.Ye4oKoEa3Ro9llC/.og/at2.uheWG/igi', 'https://cdn-icons-png.flaticon.com/512/2521/2521768.png', 'UUtpl20Ggg', '2022-07-04 22:27:43', '2022-07-04 22:27:43', NULL),
(8, '蔡育維', 'moriah60@example.org', 'T229286634', '女', '1935-03-27', '屏東縣萬丹鄉萬丹路三段157巷14號', '屏東縣萬丹鄉萬丹路三段157巷14號', '0916039887', '08-4117062', 3, 0, '2022-07-04 22:28:48', '$2y$10$92IXUNpkjO0rOQ5byMi.Ye4oKoEa3Ro9llC/.og/at2.uheWG/igi', 'https://cdn-icons-png.flaticon.com/512/2521/2521768.png', 'FYVIjQQGxr', '2022-07-04 22:28:48', '2022-07-04 22:28:48', NULL),
(9, '曾玉娟', 'gcollins@example.net', 'T225012470', '女', '1925-03-18', '屏東縣枋寮鄉隆山路79巷7號\n', '屏東縣枋寮鄉隆山路79巷7號\n', '0982859420', '03-1700055', 3, 0, '2022-07-04 22:28:48', '$2y$10$92IXUNpkjO0rOQ5byMi.Ye4oKoEa3Ro9llC/.og/at2.uheWG/igi', 'https://cdn-icons-png.flaticon.com/512/2521/2521768.png', 'KmyFh5aSQJ', '2022-07-04 22:28:48', '2022-07-04 22:28:48', NULL),
(10, '陳逸全', 'vtillman@example.net', 'T267161885', '女', '1905-06-15', '屏東縣恆春鎮墾丁路289號', '屏東縣恆春鎮墾丁路289號', '0957733331', '09-1594921', 3, 0, '2022-07-04 22:28:48', '$2y$10$92IXUNpkjO0rOQ5byMi.Ye4oKoEa3Ro9llC/.og/at2.uheWG/igi', 'https://cdn-icons-png.flaticon.com/512/2521/2521768.png', 'mubZpvCQKF', '2022-07-04 22:28:48', '2022-07-04 22:28:48', NULL),
(11, '林家慧', 'leopold36@example.org', 'T181645406', '男', '1908-11-18', '屏東縣枋山鄉南和路142巷26號', '屏東縣枋山鄉南和路142巷26號', '0952310786', '09-8253899', 3, 0, '2022-07-04 22:34:42', '$2y$10$92IXUNpkjO0rOQ5byMi.Ye4oKoEa3Ro9llC/.og/at2.uheWG/igi', 'https://cdn-icons-png.flaticon.com/512/2521/2521768.png', 'v9pm42ZZoE', '2022-07-04 22:34:42', '2022-07-04 22:34:42', NULL),
(12, '蔡怡菁', 'lilla70@example.com', 'T170769573', '男', '1947-12-20', '屏東縣東港鎮長春一路182巷17號', '屏東縣東港鎮長春一路182巷17號', '0972479902', '01-5217269', 1, 0, '2022-07-04 22:34:43', '$2y$10$92IXUNpkjO0rOQ5byMi.Ye4oKoEa3Ro9llC/.og/at2.uheWG/igi', 'https://cdn-icons-png.flaticon.com/512/2521/2521768.png', 'Tg9pZReSqY', '2022-07-04 22:34:43', '2022-07-04 22:34:43', NULL),
(13, '吳紀吉', 'jast.alvera@example.net', 'T182461087', '男', '1937-05-08', '屏東縣萬巒鄉民和路131巷1號', '屏東縣萬巒鄉民和路131巷1號', '0948143918', '07-9383636', 1, 0, '2022-07-04 22:34:47', '$2y$10$92IXUNpkjO0rOQ5byMi.Ye4oKoEa3Ro9llC/.og/at2.uheWG/igi', 'https://cdn-icons-png.flaticon.com/512/2521/2521768.png', '2aIirWm2X5', '2022-07-04 22:34:47', '2022-07-04 22:34:47', NULL),
(14, '陳世伯', 'wilfredo67@example.org', 'T234478713', '女', '1951-06-25', '屏東縣屏東市瑞光路二段20巷18號', '屏東縣屏東市瑞光路二段20巷18號', '0906947864', '06-2743796', 2, 0, '2022-07-04 22:34:47', '$2y$10$92IXUNpkjO0rOQ5byMi.Ye4oKoEa3Ro9llC/.og/at2.uheWG/igi', 'https://cdn-icons-png.flaticon.com/512/2521/2521768.png', '2ofmf1rotd', '2022-07-04 22:34:47', '2022-07-04 22:34:47', NULL),
(15, '許嘉玲', 'lilyan.hirthe@example.com', 'T114039096', '男', '1913-04-23', '屏東縣屏東市建豐路28巷5號', '屏東縣屏東市建豐路28巷5號', '0985253139', '04-5854058', 1, 0, '2022-07-04 22:34:47', '$2y$10$92IXUNpkjO0rOQ5byMi.Ye4oKoEa3Ro9llC/.og/at2.uheWG/igi', 'https://cdn-icons-png.flaticon.com/512/2521/2521768.png', 'XWGRcxcN3w', '2022-07-04 22:34:47', '2022-07-04 22:34:47', NULL),
(16, '孫涵怡', 'kong.huawei@example.net', 'T194572659', '男', '1932-08-14', '屏東縣里港鄉永樂路153巷13號', '屏東縣里港鄉永樂路153巷13號', '0944175051', '04-4809913', 3, 0, '2022-07-04 22:37:40', '$2y$10$92IXUNpkjO0rOQ5byMi.Ye4oKoEa3Ro9llC/.og/at2.uheWG/igi', 'https://cdn-icons-png.flaticon.com/512/2521/2521768.png', '3gbtDa103B', '2022-07-04 22:37:40', '2022-07-04 22:37:40', NULL),
(17, '羅筑', 'hong67@example.org', 'T274695106', '女', '1924-11-17', '屏東縣屏東市廣東路187號\n', '屏東縣屏東市廣東路187號\n', '0938761050', '01-8710154', 5, 0, '2022-07-04 22:37:40', '$2y$10$92IXUNpkjO0rOQ5byMi.Ye4oKoEa3Ro9llC/.og/at2.uheWG/igi', 'https://cdn-icons-png.flaticon.com/512/2521/2521768.png', 'zOgZp17C76', '2022-07-04 22:37:40', '2022-07-04 22:37:40', NULL),
(18, '終雯華', 'fenying.yan@example.com', 'T251646620', '女', '1912-12-31', '屏東縣東港鎮長春一路295號', '屏東縣東港鎮長春一路295號', '0931727349', '05-2498532', 6, 0, '2022-07-04 22:37:47', '$2y$10$92IXUNpkjO0rOQ5byMi.Ye4oKoEa3Ro9llC/.og/at2.uheWG/igi', 'https://cdn-icons-png.flaticon.com/512/2521/2521768.png', 'nonlpYjeUq', '2022-07-04 22:37:47', '2022-07-04 22:37:47', NULL),
(19, '竇冠', 'yangshe.jia@example.org', 'T190680274', '其他', '1938-07-13', '屏東縣屏東市廣東路262號\n', '屏東縣屏東市廣東路262號\n', '0910632408', '08-9796584', 7, 0, '2022-07-04 22:47:05', '$2y$10$92IXUNpkjO0rOQ5byMi.Ye4oKoEa3Ro9llC/.og/at2.uheWG/igi', 'https://cdn-icons-png.flaticon.com/512/2521/2521768.png', 'MqPyas1hfh', '2022-07-04 22:47:05', '2022-07-04 22:47:05', NULL),
(20, '鞏芳', 'zyan@example.net', 'T241255027', '女', '1909-07-15', '屏東縣內埔鄉自力路45巷28號', '屏東縣內埔鄉自力路45巷28號', '0966581729', '09-2129571', 8, 0, '2022-07-04 22:47:05', '$2y$10$92IXUNpkjO0rOQ5byMi.Ye4oKoEa3Ro9llC/.og/at2.uheWG/igi', 'https://cdn-icons-png.flaticon.com/512/2521/2521768.png', 'LSmhNzSlwJ', '2022-07-04 22:47:05', '2022-07-04 22:47:05', NULL),
(21, '汪哲', 'cgu@example.net', 'T241901875', '女', '1924-09-27', '屏東縣萬巒鄉萬德路90巷3號6樓', '屏東縣萬巒鄉萬德路90巷3號6樓', '0990182843', '01-5947914', 5, 0, '2022-07-04 22:47:05', '$2y$10$92IXUNpkjO0rOQ5byMi.Ye4oKoEa3Ro9llC/.og/at2.uheWG/igi', 'https://cdn-icons-png.flaticon.com/512/2521/2521768.png', 'JcZ2YZKqdE', '2022-07-04 22:47:05', '2022-07-04 22:47:05', NULL),
(22, '陳慧雯', 'test3@example.com', 'T223456789', '女', '1935-01-10', '屏東縣萬丹鄉萬丹路三段124號', '屏東縣萬丹鄉萬丹路三段124號', '094922396', '07-9104966', 6, 0, '2022-07-04 23:21:00', '$2y$10$QaQ8V13lZE19OSDQ1vqhPe6iGQ42NSEzDMupwTTg872pkd/jyW7FC', 'https://cdn-icons-png.flaticon.com/512/2521/2521768.png', 'GQjyyaMrLGTesv7Ah0aUBycetVurYFiuHopdGg0OP1YUn3wsaJ3VBDyArb16', '2022-07-04 23:21:00', '2022-08-28 04:37:03', NULL),
(23, '關淑', 'lu.sixiao@example.com', 'T243508151', '其他', '1946-02-23', '屏東縣東港鎮嘉蓮路293號', '屏東縣東港鎮嘉蓮路293號', '0999979658', '01-0755620', 9, 0, '2022-07-04 23:21:00', '$2y$10$92IXUNpkjO0rOQ5byMi.Ye4oKoEa3Ro9llC/.og/at2.uheWG/igi', 'https://cdn-icons-png.flaticon.com/512/2521/2521768.png', 'NFK369SF4f', '2022-07-04 23:21:00', '2022-07-04 23:21:00', NULL),
(24, '譚貞', 'jhou@example.org', 'T258368112', '女', '1937-12-23', '屏東縣屏東市瑞光路二段215號', '屏東縣屏東市瑞光路二段215號', '0922523590', '03-9822272', 10, 0, '2022-07-04 23:21:00', '$2y$10$92IXUNpkjO0rOQ5byMi.Ye4oKoEa3Ro9llC/.og/at2.uheWG/igi', 'https://cdn-icons-png.flaticon.com/512/2521/2521768.png', 'lEXIKsQkGP', '2022-07-04 23:21:00', '2022-07-04 23:21:00', NULL),
(25, '毛柏銘', 'hanyi11@example.org', 'T274203827', '女', '1949-09-15', '屏東縣屏東市公裕街257號', '屏東縣屏東市公裕街257號', '0927466716', '07-1487057', 11, 0, '2022-07-04 23:21:00', '$2y$10$92IXUNpkjO0rOQ5byMi.Ye4oKoEa3Ro9llC/.og/at2.uheWG/igi', 'https://cdn-icons-png.flaticon.com/512/2521/2521768.png', 'wNunoqZHvw', '2022-07-04 23:21:00', '2022-07-04 23:21:00', NULL),
(26, '游萱思', 'yuzong.jing@example.net', 'T253430902', '女', '1954-04-22', '屏東縣萬丹鄉萬丹路三段235號', '屏東縣萬丹鄉萬丹路三段235號', '0987297514', '01-8182794', 12, 0, '2022-07-04 23:21:00', '$2y$10$92IXUNpkjO0rOQ5byMi.Ye4oKoEa3Ro9llC/.og/at2.uheWG/igi', 'https://cdn-icons-png.flaticon.com/512/2521/2521768.png', 'EZPk6B8FhJ', '2022-07-04 23:21:00', '2022-07-04 23:21:00', NULL),
(27, '琴嘉琪', 'mke@example.com', 'T191539513', '其他', '1910-04-03', '屏東縣恆春鎮墾丁路31巷25號7樓', '屏東縣恆春鎮墾丁路31巷25號7樓', '0934884077', '02-3141290', 13, 0, '2022-07-04 23:21:00', '$2y$10$92IXUNpkjO0rOQ5byMi.Ye4oKoEa3Ro9llC/.og/at2.uheWG/igi', 'https://cdn-icons-png.flaticon.com/512/2521/2521768.png', 'bJbqGcil27', '2022-07-04 23:21:00', '2022-07-04 23:21:00', NULL),
(28, '瞿佳君', 'lingwen.bao@example.com', 'T239033046', '女', '1913-10-28', '屏東縣萬丹鄉萬丹路三段111號', '屏東縣萬丹鄉萬丹路三段111號', '0931540544', '01-7141639', 14, 0, '2022-07-04 23:21:00', '$2y$10$92IXUNpkjO0rOQ5byMi.Ye4oKoEa3Ro9llC/.og/at2.uheWG/igi', 'https://cdn-icons-png.flaticon.com/512/2521/2521768.png', 'w5OtNptav0', '2022-07-04 23:21:00', '2022-07-04 23:21:00', NULL),
(29, '韋宇', 'zhuo.chengjian@example.org', 'T284324297', '女', '1920-07-02', '屏東縣東港鎮順漁路196巷20號', '屏東縣東港鎮順漁路196巷20號', '0975943841', '06-5653385', 15, 0, '2022-07-04 23:21:00', '$2y$10$92IXUNpkjO0rOQ5byMi.Ye4oKoEa3Ro9llC/.og/at2.uheWG/igi', 'https://cdn-icons-png.flaticon.com/512/2521/2521768.png', 'AGLhphb4tR', '2022-07-04 23:21:00', '2022-07-04 23:21:00', NULL),
(30, '祿賢心', 'vzhuang@example.net', 'T290720076', '女', '1939-04-18', '屏東縣屏東市民生東路153號', '屏東縣屏東市民生東路153號', '0931218555', '09-8958226', 16, 0, '2022-07-04 23:21:00', '$2y$10$92IXUNpkjO0rOQ5byMi.Ye4oKoEa3Ro9llC/.og/at2.uheWG/igi', 'https://cdn-icons-png.flaticon.com/512/2521/2521768.png', '5jzOjHvCDn', '2022-07-04 23:21:00', '2022-07-04 23:21:00', NULL),
(31, '凌婉鈺', 'lu.baisi@example.net', 'T271627308', '女', '1938-10-31', '屏東縣內埔鄉南寧路200號', '屏東縣內埔鄉南寧路200號', '0974205670', '03-5144497', 17, 0, '2022-07-04 23:21:00', '$2y$10$92IXUNpkjO0rOQ5byMi.Ye4oKoEa3Ro9llC/.og/at2.uheWG/igi', 'https://cdn-icons-png.flaticon.com/512/2521/2521768.png', '8G1jNl4dpr', '2022-07-04 23:21:00', '2022-07-04 23:21:00', NULL),
(35, '吳文宇', 'kk@ya.com', 'T111111112', '男', '1957-07-31', '屏東縣潮州鎮潮義路70號', '屏東縣潮州鎮潮義路70號', '0970888888', '07-35200000', 21, 0, NULL, '1234', 'https://cdn-icons-png.flaticon.com/512/2521/2521768.png', NULL, '2022-08-02 04:50:48', '2022-08-02 04:50:48', NULL),
(36, '蔡欣仁', 'kk@ya.com.tw', 'T111111123', '男', '1957-07-31', '屏東縣萬巒鄉佳興路158號', '屏東縣萬巒鄉佳興路158號', '0970569877', '07-35200000', 22, 0, NULL, '1234', 'https://cdn-icons-png.flaticon.com/512/2521/2521768.png', NULL, '2022-08-02 04:57:34', '2022-08-02 04:57:34', NULL),
(33, 'Kevin', 'test2@example.com', 'T123455555', '男', '1935-01-01', '屏東縣屏東市廣東路26巷1號5樓', '屏東縣屏東市廣東路26巷1號5樓', '0953808679', '03-0351310', 10, 0, '2022-07-21 02:28:20', '$2y$10$S9KhreGlDMr2IS/sWPNLAOQOZsPxzAJAiNohpbub4Ze32TSP/I2hG', 'https://cdn-icons-png.flaticon.com/512/2521/2521768.png', 'nNPEqAChyRP30ah4tfXNU6b8DvhSV6wPHXmph0gSQoIjJBEqp5UKEBOUQH2v', '2022-07-21 02:28:20', '2022-08-02 06:43:37', NULL),
(39, '徐峻政', 'kk@ya.com.tw.ta', 'T128495138', '男', '1957-07-31', '屏東縣東港鎮順漁路41巷6號', '屏東縣東港鎮順漁路41巷6號', '0970888825', '07-352000', 23, 0, NULL, '1234', 'https://cdn-icons-png.flaticon.com/512/2521/2521768.png', NULL, '2022-08-02 08:42:10', '2022-08-02 08:42:10', NULL),
(40, '洪國茂', 'kk@ya.com.tw.ta1', 'T129476183', '男', '1957-07-31', '屏東縣屏東市建民路124巷5號7樓', '屏東縣屏東市建民路124巷5號7樓', '0970886531', '07-352000', 24, 0, NULL, '1234', 'https://cdn-icons-png.flaticon.com/512/2521/2521768.png', NULL, '2022-08-26 06:02:57', '2022-08-26 06:02:57', NULL),
(41, '王俊逸', 'test3@example.com00', 'T218644795', '女', '1935-01-10', '屏東縣屏東市民生東路135巷25號', '屏東縣屏東市民生東路135巷25號', '0936849753', '07-9104966', 10, 0, NULL, '$2y$10$DjMoh34S0r/NGBJn59zVOONblmb9AdvMXSOEbCC2mT2NSMK69t.06', 'https://cdn-icons-png.flaticon.com/512/2521/2521768.png', NULL, '2022-08-26 06:04:35', '2022-11-30 19:34:38', NULL),
(52, '張佩穎', 'kk@ya.com.tw.ta10', 'T153987412', '男', '1957-07-31', '屏東縣東港鎮長春二路127巷11號', '屏東縣東港鎮長春二路127巷11號', '0910579047', '07-3520', 3, 0, NULL, '$2y$10$64nAzBYYuALveAGBhbwBguKT4UdzLcc8XaRdrAW2gVtXJtD33dI6e', 'https://cdn-icons-png.flaticon.com/512/2521/2521768.png', NULL, '2022-09-08 01:36:18', '2022-09-08 01:36:18', NULL),
(50, '陳佳宏', 'kk@ya.com.tw.ta8', 'T165194735', '男', '1957-07-31', '屏東縣屏東市武成街23號', '屏東縣屏東市武成街23號', '0931956487', '07-3520', 3, 0, NULL, '$2y$10$BfLqE75PHynrsKAyg1d9aunzdiSsz8LxDHz3dqt7g.t2O1LBamxjm', 'https://cdn-icons-png.flaticon.com/512/2521/2521768.png', NULL, '2022-09-08 01:22:43', '2022-09-08 01:22:43', NULL),
(51, '王寶苓', 'kk@ya.com.tw.ta9', 'T129468175', '男', '1957-07-31', '屏東縣屏東市棒球路198巷27號4樓', '屏東縣屏東市棒球路198巷27號4樓', '0968491357', '07-3520', 3, 0, NULL, '$2y$10$LZfDUKMllQNRd5zftHGicOMKHqx4NtQiW/izztGm3eQVCcHZfM8L6', 'https://cdn-icons-png.flaticon.com/512/2521/2521768.png', NULL, '2022-09-08 01:29:50', '2022-09-08 01:29:50', NULL),
(49, '楊政廷', 'kk@ya.com.tw.ta7', 'T128479351', '男', '1957-07-31', '屏東縣東港鎮順漁路41巷6號', '屏東縣東港鎮順漁路41巷6號', '0913694874', '07-35200', 3, 0, NULL, '$2y$10$AzZlonpBe1avSfthL2DCTuXCC7kWqYMFRW/Rx4EjoMT6BjfR1N3iK', 'https://cdn-icons-png.flaticon.com/512/2521/2521768.png', NULL, '2022-09-08 01:21:59', '2022-09-08 01:21:59', NULL),
(53, '白昭倩', 'kk@ya.com.tw.ta11', 'T168795134', '男', '1957-07-31', '屏東縣東港鎮朝隆路83巷27號7樓', '屏東縣東港鎮朝隆路83巷27號7樓', '0930549687', '07-3520', 3, 0, NULL, '$2y$10$MrOodsXyhTPCVtwPwX508ufc4Qqs03875ONLeDnukjEMmBS6SoJSa', 'https://cdn-icons-png.flaticon.com/512/2521/2521768.png', NULL, '2022-09-08 03:59:32', '2022-09-08 03:59:32', NULL),
(54, '魏建欣', 'kk@ya.com.tw.ta12', 'T123987416', '男', '1957-07-31', '屏東縣東港鎮朝隆路132號', '屏東縣東港鎮朝隆路132號', '0920365175', '07-3520', 0, 0, NULL, '$2y$10$XWwNU1zKzxz4JYyaoHuY9OX1kdTZcV3dpghp2mTGLMDOFyZvqALTu', 'https://cdn-icons-png.flaticon.com/512/2521/2521768.png', NULL, '2022-09-08 04:02:27', '2022-09-08 04:02:27', NULL),
(55, '徐淑貞', 'kk@ya.com.t', 'T115324769', '男', '1957-07-31', '屏東縣東港鎮長春二路229號\n', '屏東縣東港鎮長春二路229號\n', '0906487295', '07-3520', 0, 0, NULL, '$2y$10$c8EKiLQKCZhRXmnOEkw4Vev7qhVqrDx9vFXWzswvGidZyMYwiRPwC', 'https://cdn-icons-png.flaticon.com/512/2521/2521768.png', NULL, '2022-09-08 05:15:33', '2022-09-08 05:15:33', NULL),
(56, '謝冰天', 'kk@ya.com.tm', 'T156321874', '男', '1957-07-31', '屏東縣潮州鎮三林路15巷8號2樓', '屏東縣潮州鎮三林路15巷8號2樓', '0931649780', '07-3520', 0, 0, NULL, '$2y$10$UFtfugrCOOJHpbr0a.sLWua9mW2mu3hdxd5gMzB1LxS6WIIjdCcuW', 'https://cdn-icons-png.flaticon.com/512/2521/2521768.png', NULL, '2022-09-08 05:39:47', '2022-09-08 05:39:47', NULL),
(57, '張家明', 'kk@ya.com.tm1', 'T123461987', '男', '1957-07-31', '屏東縣屏東市建民路81號', '屏東縣屏東市建民路81號', '0910326157', '07-35200', 4, 0, NULL, '$2y$10$wdRev0REXFHt6vs57Z8Kb.5FdGIyAs45EfzQL0AZTzkarnv/x3rT.', 'https://cdn-icons-png.flaticon.com/512/2521/2521768.png', NULL, '2022-09-08 07:57:30', '2022-09-08 07:57:30', NULL),
(58, '陳佳樺', 'kk@ya.com112', 'T134876523', '男', '1957-07-31', '屏東縣東港鎮長春二路40號', '屏東縣東港鎮長春二路40號', '0987641020', '07-31', 10, 0, NULL, '$2y$10$ddwsdd97F7egRtgmCVcjB.JcjbsRtYoES7Vldxbf4z.XZdByKIMnK', 'https://cdn-icons-png.flaticon.com/512/2521/2521768.png', NULL, '2022-09-08 07:59:55', '2022-09-22 09:40:03', NULL),
(59, '陳琪純', 'kk@ya.com1123', 'T124987465', '男', '1957-07-31', '屏東縣東港鎮長春二路104巷15號', '屏東縣東港鎮長春二路104巷15號', '0910302060', '07-31', 4, 0, NULL, '$2y$10$y8SVMTAdF2.d0b7wJnw.NuNhIocp582FNMRbauaPpHc3pbtOXsXh.', 'https://cdn-icons-png.flaticon.com/512/2521/2521768.png', NULL, '2022-09-08 08:40:03', '2022-09-22 09:40:29', NULL),
(60, '吳俊嘉', 'kk@ya.com13', 'T123476595', '男', '1957-07-31', '屏東縣屏東市瑞光路二段77號', '屏東縣屏東市瑞光路二段77號', '0903040506', '07-31', 10, 0, NULL, '$2y$10$rhh9QwA2v74Wzx68CesndOXNPWunXsFY1oF2k/A0GKUJCgWPMO2yW', 'https://cdn-icons-png.flaticon.com/512/2521/2521768.png', NULL, '2022-09-08 08:42:25', '2022-09-27 04:38:02', NULL),
(61, '彭豐以', 'kk@ya.co', 'T168974535', '男', '1957-07-31', '屏東縣新園鄉新東路191巷7號\n', '屏東縣新園鄉新東路191巷7號\n', '0963154978', '07-31', 10, 0, NULL, '$2y$10$elTrHPR7UfR0.jeMJHCIIOGNz8mn2j4LhShmQYAtxpVH0n5k7BifC', 'https://cdn-icons-png.flaticon.com/512/2521/2521768.png', NULL, '2022-09-08 08:43:00', '2022-09-08 08:43:00', NULL),
(62, '陳政啟', 'demo@devias.ioss2', 'T236519484', '女', '1957-03-03', '屏東縣九如鄉東寧路126巷2號4樓', '屏東縣九如鄉東寧路126巷2號4樓', '0921936547', '03-3526', 0, 0, NULL, '$2y$10$QlOUrpgMmSWRXr.xiU55H.elmpt4T8VfZ745eeQmA7L/f.jTLgRU6', 'https://cdn-icons-png.flaticon.com/512/2521/2521768.png', NULL, '2022-09-13 09:35:21', '2022-09-13 09:35:21', NULL),
(63, '連威宇', 'demo@devias.ioss21', 'T216487539', '女', '1957-09-14', '屏東縣屏東市瑞光路二段20巷18號', '屏東縣屏東市瑞光路二段20巷18號', '0936194876', '03-3526', 0, 0, NULL, '$2y$10$7vs6l8.2VvbFQoUwzyEYae3z4a26pnv19rp.Ix2r0O9bYFUPuuASO', 'https://cdn-icons-png.flaticon.com/512/2521/2521768.png', NULL, '2022-09-13 09:45:25', '2022-09-13 09:45:25', NULL),
(64, '吳岳峰', 'test@test.com1', 'T132164987', '女', '2000-01-10', '彰化縣埔心鄉坤成街746巷666號1233', '彰化縣埔心鄉坤成街746巷667號2', '0999654550', '07-9104966', 4, 0, NULL, '$2y$10$/yZpQMAlxQYt.hiaVcvPkuoWyQWov3/YoxqXGqoI5RXH.g8I6wi1q', 'https://cdn-icons-png.flaticon.com/512/2521/2521768.png', NULL, '2022-09-21 09:10:15', '2022-10-28 16:37:38', NULL),
(65, '陳俊勇', 'test@test.com2', 'T121346879', '男', '1957-07-31', '屏東縣恆春鎮恆南路114巷23號', '屏東縣恆春鎮恆南路114巷23號', '0928796354', '07-313', 4, 0, NULL, '$2y$10$Ym6eVcdVEjjmXLkemgsAhOfOhXBKCdkr8QvUFJc8bOD12Gml4IcXq', 'https://cdn-icons-png.flaticon.com/512/2521/2521768.png', NULL, '2022-09-21 09:10:40', '2022-09-22 09:33:53', NULL),
(66, '葉敏毅', 'test@test.com3', 'T161487952', '女', '2000-01-10', '彰化縣埔心鄉坤成街746巷666號1233', '彰化縣埔心鄉坤成街746巷667號2', '0912365024', '07-6354825', 4, 0, NULL, '$2y$10$ouVhYOcbZsTAHOeaqoJ4F.vwQhpiYeNnTS6woFJnVtx2fiTJ6MRvu', 'https://cdn-icons-png.flaticon.com/512/2521/2521768.png', NULL, '2022-09-21 09:12:07', '2022-10-28 16:38:40', NULL),
(67, '戴志文', 'test@test.com4', 'T198746132', '男', '1957-07-31', '屏東縣內埔鄉自力路41號', '屏東縣內埔鄉自力路41號', '0941687952', '07-31322', 4, 66, NULL, '$2y$10$3jUDuqlvMg3s/EZhHpSyvOmqygeGlKbgC4qAOEYzeHhjhZ3CL1rK2', 'https://cdn-icons-png.flaticon.com/512/2521/2521768.png', NULL, '2022-09-21 09:12:28', '2022-10-12 23:16:51', '2022-10-26 09:27:01'),
(71, '楊軍友', 'kk@ya.com.tw.ta3', 'T146321478', '男', '1957-07-31', '屏東縣潮州鎮三林路9號\n', '屏東縣潮州鎮三林路9號\n', '0931649513', '07-352000', 4, 66, NULL, '$2y$10$oudpLEKHE7txZqT79FDLxOZvSnO8fRLh8O3dEiDDmtXknVpIM8q7e', 'https://cdn-icons-png.flaticon.com/512/2521/2521768.png', NULL, '2022-09-27 06:00:30', '2022-10-26 09:44:16', NULL),
(72, '林淑明', 'kk@ya.com.tw.ta4', 'T144326595', '男', '1957-07-31', '屏東縣東港鎮嘉蓮路3號', '屏東縣東港鎮嘉蓮路3號', '0968795146', '07-352000', 0, 0, NULL, '$2y$10$2so2EDQ3.YqNnO5rz4cb9eg7QZKWD4jOy1Gtz5gDQofIGqJTFZ0SG', 'https://cdn-icons-png.flaticon.com/512/2521/2521768.png', NULL, '2022-10-08 09:52:47', '2022-10-08 09:52:47', NULL),
(73, '王凱', 'test@test.com11', 'T135491875', '男', '1957-07-31', '屏東縣新園鄉鹽龍路14號', '屏東縣新園鄉鹽龍路14號', '0916879534', '07-31322', 4, 0, NULL, '$2y$10$U3MuJLzo6/MJI0uUNBbd9O5gK0o2XpaaMxmW1XgCxnGJlUOMLEyW2', 'https://cdn-icons-png.flaticon.com/512/2521/2521768.png', NULL, '2022-10-08 11:29:28', '2022-10-08 12:17:32', NULL),
(76, '陳宗福', 'test@test.com12', 'T136194526', '男', '1957-07-31', '屏東縣屏東市廣東路262號', '屏東縣屏東市廣東路262號', '095613874', '07-31324', 4, 59, NULL, '$2y$10$3QTBPQ6hmJiC3AH7FW85Y.g/3MdeaZ0BCTSr40VzMHwxPEEVcGFD6', 'https://cdn-icons-png.flaticon.com/512/2521/2521768.png', NULL, '2022-10-08 11:39:46', '2022-10-08 12:29:03', NULL),
(77, '鄭繼威', 'karta1571234@yahoo.com.tw', 'E221788810', '男', '2022-07-31', '高雄市', '高雄市', '0970802728', '07-3520820', 0, 0, NULL, '$2y$10$HSnciNoE3RHfWMUjMtkK3.MhVy.Cg4oQS/CZjjuxkrzCGi3wDufem', 'https://cdn-icons-png.flaticon.com/512/2521/2521768.png', NULL, '2022-10-28 16:35:50', '2022-10-28 16:35:50', NULL),
(78, '鄭繼威', 'karta1571234@yahoo.com.tw1', 'E221788811', '男', '2022-07-31', '高雄市', '高雄市', '0970802721', '07-3520820', 0, 0, NULL, '$2y$10$JIwtB/zPBihE3NSWliTAn.MBnL3rHvtH82Ol1oGjB.sS/tD1b/ycO', 'https://cdn-icons-png.flaticon.com/512/2521/2521768.png', NULL, '2022-11-15 17:35:00', '2022-11-15 17:35:00', NULL),
(79, '鄭繼威', 'karta1571234@yahoo.com.tw2', 'E221788812', '男', '2022-07-31', '高雄市', '高雄市', '0970802722', '07-3520820', 0, 0, NULL, '$2y$10$k7CeawvXQEPRHXYSd8Q19OCDbrCkesV/JOJ4vcYytDcuh9zrTqG4C', 'https://cdn-icons-png.flaticon.com/512/2521/2521768.png', NULL, '2022-11-15 17:40:13', '2022-11-15 17:40:13', NULL),
(85, '鄭繼威', 'C108156135@nkust.edu.tw', 'E221788845', '女', '2022-10-18', '高雄市', '高雄市', '0970802222', '07-3520028', 0, 0, NULL, '$2y$10$PrLp0mc3SCOWsEr7Tx.JW.tFIpprPbX9PIUF6sCqsIel0wiRT429q', 'http://localhost/laravel/my_pingtung_platform/storage/app/public/image/user-avatar/5xOidlNdrrRh91EAwQ61ZsiTM38YR434Ze5Srnr7.png', NULL, '2022-11-30 18:49:59', '2022-11-30 19:31:55', NULL);

-- --------------------------------------------------------

--
-- 資料表結構 `user_role`
--

DROP TABLE IF EXISTS `user_role`;
CREATE TABLE IF NOT EXISTS `user_role` (
  `id` bigint(20) UNSIGNED NOT NULL AUTO_INCREMENT,
  `user_id` bigint(20) UNSIGNED NOT NULL COMMENT '使用者ID',
  `role_id` bigint(20) UNSIGNED NOT NULL COMMENT '角色ID',
  `created_at` timestamp NULL DEFAULT NULL,
  `updated_at` timestamp NULL DEFAULT NULL,
  PRIMARY KEY (`id`)
) ENGINE=MyISAM AUTO_INCREMENT=78 DEFAULT CHARSET=utf8mb4 COLLATE=utf8mb4_unicode_ci;

--
-- 傾印資料表的資料 `user_role`
--

INSERT INTO `user_role` (`id`, `user_id`, `role_id`, `created_at`, `updated_at`) VALUES
(1, 22, 1, NULL, NULL),
(2, 22, 2, NULL, NULL),
(3, 22, 3, NULL, NULL),
(4, 22, 4, NULL, NULL),
(5, 33, 4, NULL, NULL),
(6, 41, 6, NULL, NULL),
(7, 1, 1, NULL, NULL),
(8, 2, 1, NULL, NULL),
(9, 52, 1, NULL, NULL),
(13, 53, 1, '2022-09-08 11:59:33', '2022-09-08 11:59:33'),
(12, 3, 3, '2022-09-08 10:14:15', '2022-09-08 10:48:18'),
(14, 57, 5, '2022-09-08 15:57:30', '2022-09-08 15:57:30'),
(15, 59, 5, '2022-09-08 16:40:03', '2022-09-08 16:40:03'),
(16, 60, 6, '2022-09-08 16:42:25', '2022-09-08 16:42:25'),
(17, 61, 5, '2022-09-08 16:43:00', '2022-09-08 16:43:00'),
(18, 63, 1, '2022-09-13 17:45:25', '2022-09-13 17:45:25'),
(19, 1, 1, NULL, NULL),
(20, 4, 1, NULL, NULL),
(21, 4, 2, NULL, NULL),
(22, 5, 2, NULL, NULL),
(23, 6, 2, NULL, NULL),
(24, 7, 4, NULL, NULL),
(25, 8, 4, NULL, NULL),
(26, 9, 4, NULL, NULL),
(27, 10, 3, NULL, NULL),
(28, 11, 3, NULL, NULL),
(29, 12, 3, NULL, NULL),
(30, 13, 3, NULL, NULL),
(31, 14, 3, NULL, NULL),
(32, 15, 3, NULL, NULL),
(33, 16, 3, NULL, NULL),
(34, 17, 5, NULL, NULL),
(35, 18, 5, NULL, NULL),
(36, 19, 5, NULL, NULL),
(37, 20, 5, NULL, NULL),
(38, 21, 5, NULL, NULL),
(39, 23, 5, NULL, NULL),
(40, 24, 5, NULL, NULL),
(41, 25, 5, NULL, NULL),
(42, 26, 6, NULL, NULL),
(43, 27, 6, NULL, NULL),
(44, 28, 6, NULL, NULL),
(45, 29, 6, NULL, NULL),
(46, 30, 6, NULL, NULL),
(47, 31, 6, NULL, NULL),
(48, 35, 6, NULL, NULL),
(49, 36, 6, NULL, NULL),
(50, 37, 6, NULL, NULL),
(51, 39, 6, NULL, NULL),
(52, 40, 6, NULL, NULL),
(53, 49, 6, NULL, NULL),
(54, 50, 6, NULL, NULL),
(55, 51, 6, NULL, NULL),
(56, 54, 6, NULL, NULL),
(57, 55, 6, NULL, NULL),
(58, 56, 6, NULL, NULL),
(59, 58, 6, NULL, NULL),
(61, 62, 6, NULL, NULL),
(62, 64, 2, '2022-09-21 17:10:15', '2022-09-21 17:10:15'),
(63, 65, 4, '2022-09-21 17:10:40', '2022-09-21 17:10:40'),
(64, 66, 5, '2022-09-21 17:12:07', '2022-09-21 17:12:07'),
(65, 67, 6, '2022-09-21 17:12:28', '2022-09-21 17:12:28'),
(67, 71, 6, '2022-10-08 19:30:22', '2022-10-08 19:30:22'),
(69, 76, 6, '2022-10-08 19:39:46', '2022-10-08 19:39:46');
COMMIT;

/*!40101 SET CHARACTER_SET_CLIENT=@OLD_CHARACTER_SET_CLIENT */;
/*!40101 SET CHARACTER_SET_RESULTS=@OLD_CHARACTER_SET_RESULTS */;
/*!40101 SET COLLATION_CONNECTION=@OLD_COLLATION_CONNECTION */;
